[debug] [2026-01-18T16:07:20.051Z] ----------------------------------------------------------------------
[debug] [2026-01-18T16:07:20.061Z] Command:       C:\Program Files\nodejs\node.exe C:\Users\gilbe\AppData\Roaming\npm\node_modules\firebase-tools\lib\bin\firebase.js deploy --only functions
[debug] [2026-01-18T16:07:20.062Z] CLI Version:   15.2.1
[debug] [2026-01-18T16:07:20.062Z] Platform:      win32
[debug] [2026-01-18T16:07:20.062Z] Node Version:  v25.2.1
[debug] [2026-01-18T16:07:20.062Z] Time:          Sun Jan 18 2026 11:07:20 GMT-0500 (Eastern Standard Time)
[debug] [2026-01-18T16:07:20.062Z] ----------------------------------------------------------------------
[debug] 
[debug] [2026-01-18T16:07:22.028Z] > command requires scopes: ["email","openid","https://www.googleapis.com/auth/cloudplatformprojects.readonly","https://www.googleapis.com/auth/firebase","https://www.googleapis.com/auth/cloud-platform"]
[debug] [2026-01-18T16:07:22.028Z] > authorizing via signed-in user (gillythekid911@gmail.com)
[debug] [2026-01-18T16:07:22.028Z] [iam] checking project gillythekid-c6c48 for permissions ["cloudfunctions.functions.create","cloudfunctions.functions.delete","cloudfunctions.functions.get","cloudfunctions.functions.list","cloudfunctions.functions.update","cloudfunctions.operations.get","firebase.projects.get"]
[debug] [2026-01-18T16:07:22.029Z] Checked if tokens are valid: false, expires at: 1768709675285
[debug] [2026-01-18T16:07:22.030Z] Checked if tokens are valid: false, expires at: 1768709675285
[debug] [2026-01-18T16:07:22.030Z] > refreshing access token with scopes: []
[debug] [2026-01-18T16:07:22.032Z] >>> [apiv2][query] POST https://www.googleapis.com/oauth2/v3/token [none]
[debug] [2026-01-18T16:07:22.032Z] >>> [apiv2][body] POST https://www.googleapis.com/oauth2/v3/token [omitted]
[debug] [2026-01-18T16:07:22.213Z] <<< [apiv2][status] POST https://www.googleapis.com/oauth2/v3/token 200
[debug] [2026-01-18T16:07:22.213Z] <<< [apiv2][body] POST https://www.googleapis.com/oauth2/v3/token [omitted]
[debug] [2026-01-18T16:07:22.219Z] >>> [apiv2][query] POST https://cloudresourcemanager.googleapis.com/v1/projects/gillythekid-c6c48:testIamPermissions [none]
[debug] [2026-01-18T16:07:22.219Z] >>> [apiv2][(partial)header] POST https://cloudresourcemanager.googleapis.com/v1/projects/gillythekid-c6c48:testIamPermissions x-goog-quota-user=projects/gillythekid-c6c48
[debug] [2026-01-18T16:07:22.219Z] >>> [apiv2][body] POST https://cloudresourcemanager.googleapis.com/v1/projects/gillythekid-c6c48:testIamPermissions {"permissions":["cloudfunctions.functions.create","cloudfunctions.functions.delete","cloudfunctions.functions.get","cloudfunctions.functions.list","cloudfunctions.functions.update","cloudfunctions.operations.get","firebase.projects.get"]}
[debug] [2026-01-18T16:07:22.452Z] <<< [apiv2][status] POST https://cloudresourcemanager.googleapis.com/v1/projects/gillythekid-c6c48:testIamPermissions 200
[debug] [2026-01-18T16:07:22.453Z] <<< [apiv2][body] POST https://cloudresourcemanager.googleapis.com/v1/projects/gillythekid-c6c48:testIamPermissions {"permissions":["cloudfunctions.functions.create","cloudfunctions.functions.delete","cloudfunctions.functions.get","cloudfunctions.functions.list","cloudfunctions.functions.update","cloudfunctions.operations.get","firebase.projects.get"]}
[debug] [2026-01-18T16:07:22.453Z] Checked if tokens are valid: true, expires at: 1768756041213
[debug] [2026-01-18T16:07:22.453Z] Checked if tokens are valid: true, expires at: 1768756041213
[debug] [2026-01-18T16:07:22.453Z] >>> [apiv2][query] POST https://iam.googleapis.com/v1/projects/gillythekid-c6c48/serviceAccounts/gillythekid-c6c48@appspot.gserviceaccount.com:testIamPermissions [none]
[debug] [2026-01-18T16:07:22.453Z] >>> [apiv2][body] POST https://iam.googleapis.com/v1/projects/gillythekid-c6c48/serviceAccounts/gillythekid-c6c48@appspot.gserviceaccount.com:testIamPermissions {"permissions":["iam.serviceAccounts.actAs"]}
[debug] [2026-01-18T16:07:22.759Z] <<< [apiv2][status] POST https://iam.googleapis.com/v1/projects/gillythekid-c6c48/serviceAccounts/gillythekid-c6c48@appspot.gserviceaccount.com:testIamPermissions 200
[debug] [2026-01-18T16:07:22.760Z] <<< [apiv2][body] POST https://iam.googleapis.com/v1/projects/gillythekid-c6c48/serviceAccounts/gillythekid-c6c48@appspot.gserviceaccount.com:testIamPermissions {"permissions":["iam.serviceAccounts.actAs"]}
[info] 
[info] === Deploying to 'gillythekid-c6c48'...
[info] 
[info] i  deploying functions 
[debug] [2026-01-18T16:07:22.766Z] Checked if tokens are valid: true, expires at: 1768756041213
[debug] [2026-01-18T16:07:22.766Z] Checked if tokens are valid: true, expires at: 1768756041213
[debug] [2026-01-18T16:07:22.766Z] >>> [apiv2][query] GET https://cloudresourcemanager.googleapis.com/v1/projects/gillythekid-c6c48 [none]
[debug] [2026-01-18T16:07:22.948Z] <<< [apiv2][status] GET https://cloudresourcemanager.googleapis.com/v1/projects/gillythekid-c6c48 200
[debug] [2026-01-18T16:07:22.949Z] <<< [apiv2][body] GET https://cloudresourcemanager.googleapis.com/v1/projects/gillythekid-c6c48 {"projectNumber":"1012835367784","projectId":"gillythekid-c6c48","lifecycleState":"ACTIVE","name":"gillythekid","labels":{"firebase":"enabled","firebase-core":"disabled"},"createTime":"2025-12-01T19:16:53.201769Z"}
[info] i  functions: preparing codebase default for deployment 
[info] i  functions: ensuring required API cloudfunctions.googleapis.com is enabled... 
[info] i  functions: ensuring required API cloudbuild.googleapis.com is enabled... 
[info] i  artifactregistry: ensuring required API artifactregistry.googleapis.com is enabled... 
[debug] [2026-01-18T16:07:22.952Z] Checked if tokens are valid: true, expires at: 1768756041213
[debug] [2026-01-18T16:07:22.952Z] Checked if tokens are valid: true, expires at: 1768756041213
[debug] [2026-01-18T16:07:22.952Z] >>> [apiv2][query] GET https://firebase.googleapis.com/v1beta1/projects/gillythekid-c6c48/adminSdkConfig [none]
[debug] [2026-01-18T16:07:23.374Z] <<< [apiv2][status] GET https://firebase.googleapis.com/v1beta1/projects/gillythekid-c6c48/adminSdkConfig 200
[debug] [2026-01-18T16:07:23.374Z] <<< [apiv2][body] GET https://firebase.googleapis.com/v1beta1/projects/gillythekid-c6c48/adminSdkConfig {"projectId":"gillythekid-c6c48","storageBucket":"gillythekid-c6c48.firebasestorage.app"}
[debug] [2026-01-18T16:07:23.374Z] Checked if tokens are valid: true, expires at: 1768756041213
[debug] [2026-01-18T16:07:23.374Z] Checked if tokens are valid: true, expires at: 1768756041213
[debug] [2026-01-18T16:07:23.375Z] >>> [apiv2][query] GET https://runtimeconfig.googleapis.com/v1beta1/projects/gillythekid-c6c48/configs [none]
[debug] [2026-01-18T16:07:23.580Z] <<< [apiv2][status] GET https://runtimeconfig.googleapis.com/v1beta1/projects/gillythekid-c6c48/configs 200
[debug] [2026-01-18T16:07:23.580Z] <<< [apiv2][body] GET https://runtimeconfig.googleapis.com/v1beta1/projects/gillythekid-c6c48/configs {"configs":[{"name":"projects/gillythekid-c6c48/configs/googleai"},{"name":"projects/gillythekid-c6c48/configs/gemini"}]}
[debug] [2026-01-18T16:07:23.580Z] Checked if tokens are valid: true, expires at: 1768756041213
[debug] [2026-01-18T16:07:23.580Z] Checked if tokens are valid: true, expires at: 1768756041213
[debug] [2026-01-18T16:07:23.580Z] Checked if tokens are valid: true, expires at: 1768756041213
[debug] [2026-01-18T16:07:23.580Z] Checked if tokens are valid: true, expires at: 1768756041213
[debug] [2026-01-18T16:07:23.580Z] >>> [apiv2][query] GET https://runtimeconfig.googleapis.com/v1beta1/projects/gillythekid-c6c48/configs/googleai/variables [none]
[debug] [2026-01-18T16:07:23.581Z] >>> [apiv2][query] GET https://runtimeconfig.googleapis.com/v1beta1/projects/gillythekid-c6c48/configs/gemini/variables [none]
[debug] [2026-01-18T16:07:23.752Z] <<< [apiv2][status] GET https://runtimeconfig.googleapis.com/v1beta1/projects/gillythekid-c6c48/configs/googleai/variables 200
[debug] [2026-01-18T16:07:23.752Z] <<< [apiv2][body] GET https://runtimeconfig.googleapis.com/v1beta1/projects/gillythekid-c6c48/configs/googleai/variables {"variables":[{"name":"projects/gillythekid-c6c48/configs/googleai/variables/key","updateTime":"2025-12-17T16:45:04.583315851Z"}]}
[debug] [2026-01-18T16:07:23.752Z] Checked if tokens are valid: true, expires at: 1768756041213
[debug] [2026-01-18T16:07:23.752Z] Checked if tokens are valid: true, expires at: 1768756041213
[debug] [2026-01-18T16:07:23.753Z] >>> [apiv2][query] GET https://runtimeconfig.googleapis.com/v1beta1/projects/gillythekid-c6c48/configs/googleai/variables/key [none]
[debug] [2026-01-18T16:07:23.786Z] <<< [apiv2][status] GET https://runtimeconfig.googleapis.com/v1beta1/projects/gillythekid-c6c48/configs/gemini/variables 200
[debug] [2026-01-18T16:07:23.786Z] <<< [apiv2][body] GET https://runtimeconfig.googleapis.com/v1beta1/projects/gillythekid-c6c48/configs/gemini/variables {"variables":[{"name":"projects/gillythekid-c6c48/configs/gemini/variables/key","updateTime":"2025-12-22T19:22:18.927098482Z"}]}
[debug] [2026-01-18T16:07:23.786Z] Checked if tokens are valid: true, expires at: 1768756041213
[debug] [2026-01-18T16:07:23.786Z] Checked if tokens are valid: true, expires at: 1768756041213
[debug] [2026-01-18T16:07:23.787Z] >>> [apiv2][query] GET https://runtimeconfig.googleapis.com/v1beta1/projects/gillythekid-c6c48/configs/gemini/variables/key [none]
[debug] [2026-01-18T16:07:23.938Z] <<< [apiv2][status] GET https://runtimeconfig.googleapis.com/v1beta1/projects/gillythekid-c6c48/configs/googleai/variables/key 200
[debug] [2026-01-18T16:07:23.938Z] <<< [apiv2][body] GET https://runtimeconfig.googleapis.com/v1beta1/projects/gillythekid-c6c48/configs/googleai/variables/key {"name":"projects/gillythekid-c6c48/configs/googleai/variables/key","updateTime":"2025-12-17T16:45:04.583315851Z","text":"YOUR_API_KEY_HERE"}
[debug] [2026-01-18T16:07:23.970Z] <<< [apiv2][status] GET https://runtimeconfig.googleapis.com/v1beta1/projects/gillythekid-c6c48/configs/gemini/variables/key 200
[debug] [2026-01-18T16:07:23.970Z] <<< [apiv2][body] GET https://runtimeconfig.googleapis.com/v1beta1/projects/gillythekid-c6c48/configs/gemini/variables/key {"name":"projects/gillythekid-c6c48/configs/gemini/variables/key","updateTime":"2025-12-22T19:22:18.927098482Z","text":"YOUR_REAL_GEMINI_API_KEY"}
[debug] [2026-01-18T16:07:23.974Z] Customer code is not Node
[debug] [2026-01-18T16:07:23.974Z] Validating python source
[debug] [2026-01-18T16:07:23.974Z] Building python source
[info] i  functions: Loading and analyzing source code for codebase default to determine what to deploy 
[debug] [2026-01-18T16:07:23.975Z] Could not find functions.yaml. Must use http discovery
[debug] [2026-01-18T16:07:23.982Z] Running command with virtualenv: command="C:\Users\gilbe\OneDrive\Documents\gillythekid\functions\venv\Scripts\activate.bat", args=["","&&","python.exe","-c","\"import firebase_functions; import os; print(os.path.dirname(firebase_functions.__file__))\""]
[debug] [2026-01-18T16:07:24.111Z] stdout: C:\Users\gilbe\OneDrive\Documents\gillythekid\functions\venv\Lib\site-packages\firebase_functions

[debug] [2026-01-18T16:07:24.119Z] Running admin server with args: ["python.exe","\"C:\\Users\\gilbe\\OneDrive\\Documents\\gillythekid\\functions\\venv\\Lib\\site-packages\\firebase_functions\\private\\serving.py\""] and env: {"FIREBASE_CONFIG":"{\"projectId\":\"gillythekid-c6c48\",\"storageBucket\":\"gillythekid-c6c48.firebasestorage.app\"}","GCLOUD_PROJECT":"gillythekid-c6c48","GOOGLE_CLOUD_QUOTA_PROJECT":"gillythekid-c6c48","ADMIN_PORT":"8081"} in C:\Users\gilbe\OneDrive\Documents\gillythekid\functions
[debug] [2026-01-18T16:07:24.119Z] Running command with virtualenv: command="C:\Users\gilbe\OneDrive\Documents\gillythekid\functions\venv\Scripts\activate.bat", args=["","&&","python.exe","\"C:\\Users\\gilbe\\OneDrive\\Documents\\gillythekid\\functions\\venv\\Lib\\site-packages\\firebase_functions\\private\\serving.py\""]
[info]  * Serving Flask app 'serving'
 * Debug mode: off

[error] WARNING: This is a development server. Do not use it in a production deployment. Use a production WSGI server instead.
 * Running on http://127.0.0.1:8081

[error] Press CTRL+C to quit

[error] 127.0.0.1 - - [18/Jan/2026 11:07:26] "GET /__/functions.yaml HTTP/1.1" 200 -

[debug] [2026-01-18T16:07:26.473Z] Got response from /__/functions.yaml endpoints:
  ai_prompt:
    availableMemoryMb: null
    concurrency: null
    entryPoint: ai_prompt
    httpsTrigger: {}
    ingressSettings: null
    labels: {}
    maxInstances: null
    minInstances: null
    platform: gcfv2
    secretEnvironmentVariables: []
    serviceAccountEmail: null
    timeoutSeconds: null
params: []
requiredAPIs: []
specVersion: v1alpha1

[error] 127.0.0.1 - - [18/Jan/2026 11:07:26] "GET /__/quitquitquit HTTP/1.1" 200 -

[info] i  functions: preparing functions directory for uploading... 
[info] i  functions: packaged C:\Users\gilbe\OneDrive\Documents\gillythekid\functions (30.21 MB) for uploading 
[debug] [2026-01-18T16:07:31.121Z] Checked if tokens are valid: true, expires at: 1768756041213
[debug] [2026-01-18T16:07:31.121Z] Checked if tokens are valid: true, expires at: 1768756041213
[debug] [2026-01-18T16:07:31.121Z] >>> [apiv2][query] GET https://cloudfunctions.googleapis.com/v1/projects/gillythekid-c6c48/locations/-/functions [none]
[debug] [2026-01-18T16:07:31.709Z] <<< [apiv2][status] GET https://cloudfunctions.googleapis.com/v1/projects/gillythekid-c6c48/locations/-/functions 200
[debug] [2026-01-18T16:07:31.709Z] <<< [apiv2][body] GET https://cloudfunctions.googleapis.com/v1/projects/gillythekid-c6c48/locations/-/functions {}
[debug] [2026-01-18T16:07:31.709Z] Checked if tokens are valid: true, expires at: 1768756041213
[debug] [2026-01-18T16:07:31.709Z] Checked if tokens are valid: true, expires at: 1768756041213
[debug] [2026-01-18T16:07:31.714Z] >>> [apiv2][query] GET https://cloudfunctions.googleapis.com/v2/projects/gillythekid-c6c48/locations/-/functions filter=environment%3D%22GEN_2%22
[debug] [2026-01-18T16:07:32.195Z] <<< [apiv2][status] GET https://cloudfunctions.googleapis.com/v2/projects/gillythekid-c6c48/locations/-/functions 200
[debug] [2026-01-18T16:07:32.195Z] <<< [apiv2][body] GET https://cloudfunctions.googleapis.com/v2/projects/gillythekid-c6c48/locations/-/functions {"functions":[{"name":"projects/gillythekid-c6c48/locations/us-central1/functions/ai_prompt","buildConfig":{"build":"projects/1012835367784/locations/us-central1/builds/50099ac8-13b4-4f53-8759-48dfaf6115e3","runtime":"python313","entryPoint":"ai_prompt","source":{"storageSource":{"bucket":"gcf-v2-sources-1012835367784-us-central1","object":"ai_prompt/function-source.zip","generation":"1768182971196724"}},"environmentVariables":{"GOOGLE_NODE_RUN_SCRIPTS":""},"dockerRepository":"projects/gillythekid-c6c48/locations/us-central1/repositories/gcf-artifacts","sourceProvenance":{"resolvedStorageSource":{"bucket":"gcf-v2-sources-1012835367784-us-central1","object":"ai_prompt/function-source.zip","generation":"1768182971196724"}},"dockerRegistry":"ARTIFACT_REGISTRY","serviceAccount":"projects/gillythekid-c6c48/serviceAccounts/1012835367784-compute@developer.gserviceaccount.com","automaticUpdatePolicy":{}},"serviceConfig":{"service":"projects/gillythekid-c6c48/locations/us-central1/services/ai-prompt","timeoutSeconds":60,"environmentVariables":{"FIREBASE_CONFIG":"{\"projectId\":\"gillythekid-c6c48\",\"storageBucket\":\"gillythekid-c6c48.firebasestorage.app\"}","GCLOUD_PROJECT":"gillythekid-c6c48","EVENTARC_CLOUD_EVENT_SOURCE":"projects/gillythekid-c6c48/locations/us-central1/services/ai_prompt","FUNCTION_TARGET":"ai_prompt","LOG_EXECUTION_ID":"true"},"ingressSettings":"ALLOW_ALL","uri":"https://ai-prompt-ob3ulsycpa-uc.a.run.app","serviceAccountEmail":"1012835367784-compute@developer.gserviceaccount.com","availableMemory":"256Mi","allTrafficOnLatestRevision":true,"revision":"ai-prompt-00001-mim","maxInstanceRequestConcurrency":80,"availableCpu":"1"},"state":"ACTIVE","updateTime":"2026-01-13T00:37:33.513902670Z","labels":{"deployment-tool":"cli-firebase","firebase-functions-hash":"484dda6e1f0ab5a26251040c993027614c7da906"},"environment":"GEN_2","url":"https://us-central1-gillythekid-c6c48.cloudfunctions.net/ai_prompt","createTime":"2026-01-12T01:56:11.538415682Z","satisfiesPzi":true}]}
[info] i  functions: ensuring required API run.googleapis.com is enabled... 
[info] i  functions: ensuring required API eventarc.googleapis.com is enabled... 
[info] i  functions: ensuring required API pubsub.googleapis.com is enabled... 
[info] i  functions: ensuring required API storage.googleapis.com is enabled... 
[info] i  functions: generating the service identity for pubsub.googleapis.com... 
[debug] [2026-01-18T16:07:32.199Z] Checked if tokens are valid: true, expires at: 1768756041213
[debug] [2026-01-18T16:07:32.199Z] Checked if tokens are valid: true, expires at: 1768756041213
[info] i  functions: generating the service identity for eventarc.googleapis.com... 
[debug] [2026-01-18T16:07:32.199Z] Checked if tokens are valid: true, expires at: 1768756041213
[debug] [2026-01-18T16:07:32.199Z] Checked if tokens are valid: true, expires at: 1768756041213
[debug] [2026-01-18T16:07:32.199Z] >>> [apiv2][query] POST https://serviceusage.googleapis.com/v1beta1/projects/1012835367784/services/pubsub.googleapis.com:generateServiceIdentity [none]
[debug] [2026-01-18T16:07:32.199Z] >>> [apiv2][(partial)header] POST https://serviceusage.googleapis.com/v1beta1/projects/1012835367784/services/pubsub.googleapis.com:generateServiceIdentity x-goog-quota-user=projects/1012835367784
[debug] [2026-01-18T16:07:32.199Z] >>> [apiv2][body] POST https://serviceusage.googleapis.com/v1beta1/projects/1012835367784/services/pubsub.googleapis.com:generateServiceIdentity {}
[debug] [2026-01-18T16:07:32.200Z] >>> [apiv2][query] POST https://serviceusage.googleapis.com/v1beta1/projects/1012835367784/services/eventarc.googleapis.com:generateServiceIdentity [none]
[debug] [2026-01-18T16:07:32.200Z] >>> [apiv2][(partial)header] POST https://serviceusage.googleapis.com/v1beta1/projects/1012835367784/services/eventarc.googleapis.com:generateServiceIdentity x-goog-quota-user=projects/1012835367784
[debug] [2026-01-18T16:07:32.200Z] >>> [apiv2][body] POST https://serviceusage.googleapis.com/v1beta1/projects/1012835367784/services/eventarc.googleapis.com:generateServiceIdentity {}
[debug] [2026-01-18T16:07:32.639Z] <<< [apiv2][status] POST https://serviceusage.googleapis.com/v1beta1/projects/1012835367784/services/pubsub.googleapis.com:generateServiceIdentity 200
[debug] [2026-01-18T16:07:32.639Z] <<< [apiv2][body] POST https://serviceusage.googleapis.com/v1beta1/projects/1012835367784/services/pubsub.googleapis.com:generateServiceIdentity {"name":"operations/finished.DONE_OPERATION","done":true,"response":{"@type":"type.googleapis.com/google.api.serviceusage.v1beta1.ServiceIdentity","email":"service-1012835367784@gcp-sa-pubsub.iam.gserviceaccount.com","uniqueId":"112079132768235941497"}}
[debug] [2026-01-18T16:07:32.677Z] <<< [apiv2][status] POST https://serviceusage.googleapis.com/v1beta1/projects/1012835367784/services/eventarc.googleapis.com:generateServiceIdentity 200
[debug] [2026-01-18T16:07:32.677Z] <<< [apiv2][body] POST https://serviceusage.googleapis.com/v1beta1/projects/1012835367784/services/eventarc.googleapis.com:generateServiceIdentity {"name":"operations/finished.DONE_OPERATION","done":true,"response":{"@type":"type.googleapis.com/google.api.serviceusage.v1beta1.ServiceIdentity","email":"service-1012835367784@gcp-sa-eventarc.iam.gserviceaccount.com","uniqueId":"106954098327316599967"}}
[debug] [2026-01-18T16:07:32.679Z] Checked if tokens are valid: true, expires at: 1768756041213
[debug] [2026-01-18T16:07:32.679Z] Checked if tokens are valid: true, expires at: 1768756041213
[debug] [2026-01-18T16:07:32.679Z] >>> [apiv2][query] GET https://cloudresourcemanager.googleapis.com/v1/projects/gillythekid-c6c48 [none]
[debug] [2026-01-18T16:07:32.835Z] <<< [apiv2][status] GET https://cloudresourcemanager.googleapis.com/v1/projects/gillythekid-c6c48 200
[debug] [2026-01-18T16:07:32.835Z] <<< [apiv2][body] GET https://cloudresourcemanager.googleapis.com/v1/projects/gillythekid-c6c48 {"projectNumber":"1012835367784","projectId":"gillythekid-c6c48","lifecycleState":"ACTIVE","name":"gillythekid","labels":{"firebase":"enabled","firebase-core":"disabled"},"createTime":"2025-12-01T19:16:53.201769Z"}
[debug] [2026-01-18T16:07:32.835Z] Checked if tokens are valid: true, expires at: 1768756041213
[debug] [2026-01-18T16:07:32.835Z] Checked if tokens are valid: true, expires at: 1768756041213
[debug] [2026-01-18T16:07:32.835Z] >>> [apiv2][query] GET https://compute.googleapis.com/compute/v1/projects/1012835367784 [none]
[debug] [2026-01-18T16:07:33.037Z] <<< [apiv2][status] GET https://compute.googleapis.com/compute/v1/projects/1012835367784 403
[debug] [2026-01-18T16:07:33.038Z] <<< [apiv2][body] GET https://compute.googleapis.com/compute/v1/projects/1012835367784 {"error":{"code":403,"message":"Compute Engine API has not been used in project 1012835367784 before or it is disabled. Enable it by visiting https://console.developers.google.com/apis/api/compute.googleapis.com/overview?project=1012835367784 then retry. If you enabled this API recently, wait a few minutes for the action to propagate to our systems and retry.","errors":[{"message":"Compute Engine API has not been used in project 1012835367784 before or it is disabled. Enable it by visiting https://console.developers.google.com/apis/api/compute.googleapis.com/overview?project=1012835367784 then retry. If you enabled this API recently, wait a few minutes for the action to propagate to our systems and retry.","domain":"usageLimits","reason":"accessNotConfigured","extendedHelp":"https://console.developers.google.com"}],"status":"PERMISSION_DENIED","details":[{"@type":"type.googleapis.com/google.rpc.ErrorInfo","reason":"SERVICE_DISABLED","domain":"googleapis.com","metadata":{"consumer":"projects/1012835367784","service":"compute.googleapis.com","serviceTitle":"Compute Engine API","activationUrl":"https://console.developers.google.com/apis/api/compute.googleapis.com/overview?project=1012835367784","containerInfo":"1012835367784"}},{"@type":"type.googleapis.com/google.rpc.LocalizedMessage","locale":"en-US","message":"Compute Engine API has not been used in project 1012835367784 before or it is disabled. Enable it by visiting https://console.developers.google.com/apis/api/compute.googleapis.com/overview?project=1012835367784 then retry. If you enabled this API recently, wait a few minutes for the action to propagate to our systems and retry."},{"@type":"type.googleapis.com/google.rpc.Help","links":[{"description":"Google developers console API activation","url":"https://console.developers.google.com/apis/api/compute.googleapis.com/overview?project=1012835367784"}]}]}}
[debug] [2026-01-18T16:07:33.038Z] unable to look up default compute service account. Falling back to 1012835367784-compute@developer.gserviceaccount.com. Error: {"name":"FirebaseError","children":[],"context":{"body":{"error":{"code":403,"message":"Compute Engine API has not been used in project 1012835367784 before or it is disabled. Enable it by visiting https://console.developers.google.com/apis/api/compute.googleapis.com/overview?project=1012835367784 then retry. If you enabled this API recently, wait a few minutes for the action to propagate to our systems and retry.","errors":[{"message":"Compute Engine API has not been used in project 1012835367784 before or it is disabled. Enable it by visiting https://console.developers.google.com/apis/api/compute.googleapis.com/overview?project=1012835367784 then retry. If you enabled this API recently, wait a few minutes for the action to propagate to our systems and retry.","domain":"usageLimits","reason":"accessNotConfigured","extendedHelp":"https://console.developers.google.com"}],"status":"PERMISSION_DENIED","details":[{"@type":"type.googleapis.com/google.rpc.ErrorInfo","reason":"SERVICE_DISABLED","domain":"googleapis.com","metadata":{"consumer":"projects/1012835367784","service":"compute.googleapis.com","serviceTitle":"Compute Engine API","activationUrl":"https://console.developers.google.com/apis/api/compute.googleapis.com/overview?project=1012835367784","containerInfo":"1012835367784"}},{"@type":"type.googleapis.com/google.rpc.LocalizedMessage","locale":"en-US","message":"Compute Engine API has not been used in project 1012835367784 before or it is disabled. Enable it by visiting https://console.developers.google.com/apis/api/compute.googleapis.com/overview?project=1012835367784 then retry. If you enabled this API recently, wait a few minutes for the action to propagate to our systems and retry."},{"@type":"type.googleapis.com/google.rpc.Help","links":[{"description":"Google developers console API activation","url":"https://console.developers.google.com/apis/api/compute.googleapis.com/overview?project=1012835367784"}]}]}},"response":{"statusCode":403}},"exit":1,"message":"Request to https://compute.googleapis.com/compute/v1/projects/1012835367784 had HTTP Error: 403, Compute Engine API has not been used in project 1012835367784 before or it is disabled. Enable it by visiting https://console.developers.google.com/apis/api/compute.googleapis.com/overview?project=1012835367784 then retry. If you enabled this API recently, wait a few minutes for the action to propagate to our systems and retry.","status":403}
[debug] [2026-01-18T16:07:33.043Z] Checked if tokens are valid: true, expires at: 1768756041213
[debug] [2026-01-18T16:07:33.043Z] Checked if tokens are valid: true, expires at: 1768756041213
[debug] [2026-01-18T16:07:33.044Z] >>> [apiv2][query] POST https://cloudfunctions.googleapis.com/v2/projects/gillythekid-c6c48/locations/us-central1/functions:generateUploadUrl [none]
[debug] [2026-01-18T16:07:33.355Z] <<< [apiv2][status] POST https://cloudfunctions.googleapis.com/v2/projects/gillythekid-c6c48/locations/us-central1/functions:generateUploadUrl 200
[debug] [2026-01-18T16:07:33.355Z] <<< [apiv2][body] POST https://cloudfunctions.googleapis.com/v2/projects/gillythekid-c6c48/locations/us-central1/functions:generateUploadUrl {"uploadUrl":"https://storage.googleapis.com/gcf-v2-uploads-1012835367784.us-central1.cloudfunctions.appspot.com/d49db4fd-7609-4a64-abed-e19a5c4bd544.zip?GoogleAccessId=service-1012835367784@gcf-admin-robot.iam.gserviceaccount.com&Expires=1768754254&Signature=GABnNUpKA1wkPN1abhig8YQx3BZchmOzPMpKNLdDfDRDzpsQe9TSbr8row1a5CYUhvtDl96R8AEufmKT98nuQaHHmLEshq3QfuK2rdHuqNVPmUCgY7%2FIiJfeiwepi3F6yofoBCyRXxiVrU4BM4vhERmLJ2ej%2BlTn95RmYZVmNBtrnqDrwiuTOrtUa1DhqsSXbsx36d4zWb%2F3tGwkVFj%2BZTrKjTdByn1f1KAfNE4f0fx6vgUjAku0o7SanqvRtifH%2B3VCQ5qHORfMhwy3BSZsG97R72bCgHnfDdhpHRPZK5VXB2kR6sigsRd%2FkzY2PjPzoIylz%2FkaQZaiYHfJw9WZ1w%3D%3D","storageSource":{"bucket":"gcf-v2-uploads-1012835367784.us-central1.cloudfunctions.appspot.com","object":"d49db4fd-7609-4a64-abed-e19a5c4bd544.zip"}}
[debug] [2026-01-18T16:07:33.360Z] >>> [apiv2][query] PUT https://storage.googleapis.com/gcf-v2-uploads-1012835367784.us-central1.cloudfunctions.appspot.com/d49db4fd-7609-4a64-abed-e19a5c4bd544.zip GoogleAccessId=service-1012835367784%40gcf-admin-robot.iam.gserviceaccount.com&Expires=1768754254&Signature=GABnNUpKA1wkPN1abhig8YQx3BZchmOzPMpKNLdDfDRDzpsQe9TSbr8row1a5CYUhvtDl96R8AEufmKT98nuQaHHmLEshq3QfuK2rdHuqNVPmUCgY7%2FIiJfeiwepi3F6yofoBCyRXxiVrU4BM4vhERmLJ2ej%2BlTn95RmYZVmNBtrnqDrwiuTOrtUa1DhqsSXbsx36d4zWb%2F3tGwkVFj%2BZTrKjTdByn1f1KAfNE4f0fx6vgUjAku0o7SanqvRtifH%2B3VCQ5qHORfMhwy3BSZsG97R72bCgHnfDdhpHRPZK5VXB2kR6sigsRd%2FkzY2PjPzoIylz%2FkaQZaiYHfJw9WZ1w%3D%3D
[debug] [2026-01-18T16:07:33.360Z] >>> [apiv2][body] PUT https://storage.googleapis.com/gcf-v2-uploads-1012835367784.us-central1.cloudfunctions.appspot.com/d49db4fd-7609-4a64-abed-e19a5c4bd544.zip [stream]
[debug] [2026-01-18T16:07:40.910Z] <<< [apiv2][status] PUT https://storage.googleapis.com/gcf-v2-uploads-1012835367784.us-central1.cloudfunctions.appspot.com/d49db4fd-7609-4a64-abed-e19a5c4bd544.zip 200
[debug] [2026-01-18T16:07:40.910Z] <<< [apiv2][body] PUT https://storage.googleapis.com/gcf-v2-uploads-1012835367784.us-central1.cloudfunctions.appspot.com/d49db4fd-7609-4a64-abed-e19a5c4bd544.zip [omitted]
[info] +  functions: functions source uploaded successfully 
[info] i  functions: updating Python 3.10 (2nd Gen) function ai_prompt(us-central1)... 
[debug] [2026-01-18T16:07:40.915Z] Checked if tokens are valid: true, expires at: 1768756041213
[debug] [2026-01-18T16:07:40.915Z] Checked if tokens are valid: true, expires at: 1768756041213
[debug] [2026-01-18T16:07:40.915Z] >>> [apiv2][query] PATCH https://cloudfunctions.googleapis.com/v2/projects/gillythekid-c6c48/locations/us-central1/functions/ai_prompt updateMask=name%2CbuildConfig.runtime%2CbuildConfig.entryPoint%2CbuildConfig.source.storageSource.bucket%2CbuildConfig.source.storageSource.object%2CbuildConfig.environmentVariables%2CbuildConfig.sourceToken%2CserviceConfig.environmentVariables%2CserviceConfig.secretEnvironmentVariables%2CserviceConfig.ingressSettings%2CserviceConfig.timeoutSeconds%2CserviceConfig.serviceAccountEmail%2CserviceConfig.availableMemory%2CserviceConfig.minInstanceCount%2CserviceConfig.maxInstanceCount%2CserviceConfig.maxInstanceRequestConcurrency%2CserviceConfig.availableCpu%2Clabels
[debug] [2026-01-18T16:07:40.915Z] >>> [apiv2][body] PATCH https://cloudfunctions.googleapis.com/v2/projects/gillythekid-c6c48/locations/us-central1/functions/ai_prompt {"name":"projects/gillythekid-c6c48/locations/us-central1/functions/ai_prompt","buildConfig":{"runtime":"python310","entryPoint":"ai_prompt","source":{"storageSource":{"bucket":"gcf-v2-uploads-1012835367784.us-central1.cloudfunctions.appspot.com","object":"d49db4fd-7609-4a64-abed-e19a5c4bd544.zip"}},"environmentVariables":{"GOOGLE_NODE_RUN_SCRIPTS":""}},"serviceConfig":{"environmentVariables":{"FIREBASE_CONFIG":"{\"projectId\":\"gillythekid-c6c48\",\"storageBucket\":\"gillythekid-c6c48.firebasestorage.app\"}","GCLOUD_PROJECT":"gillythekid-c6c48","EVENTARC_CLOUD_EVENT_SOURCE":"projects/gillythekid-c6c48/locations/us-central1/services/ai_prompt","FUNCTION_TARGET":"ai_prompt","LOG_EXECUTION_ID":"true"},"secretEnvironmentVariables":[],"ingressSettings":null,"timeoutSeconds":null,"serviceAccountEmail":null,"availableMemory":"256Mi","minInstanceCount":null,"maxInstanceCount":null,"maxInstanceRequestConcurrency":80,"availableCpu":"1"},"labels":{"deployment-tool":"cli-firebase","firebase-functions-hash":"2ea69b5288597b0ac009bcf731df3b79f9141c58"}}
[debug] [2026-01-18T16:07:41.988Z] <<< [apiv2][status] PATCH https://cloudfunctions.googleapis.com/v2/projects/gillythekid-c6c48/locations/us-central1/functions/ai_prompt 200
[debug] [2026-01-18T16:07:41.988Z] <<< [apiv2][body] PATCH https://cloudfunctions.googleapis.com/v2/projects/gillythekid-c6c48/locations/us-central1/functions/ai_prompt {"name":"projects/gillythekid-c6c48/locations/us-central1/operations/operation-1768752462058-648abc6325598-1cb250d5-d505ddee","metadata":{"@type":"type.googleapis.com/google.cloud.functions.v2.OperationMetadata","createTime":"2026-01-18T16:07:42.803733103Z","target":"projects/gillythekid-c6c48/locations/us-central1/functions/ai_prompt","verb":"update","cancelRequested":false,"apiVersion":"v2"},"done":false}
[debug] [2026-01-18T16:07:41.989Z] Checked if tokens are valid: true, expires at: 1768756041213
[debug] [2026-01-18T16:07:41.989Z] Checked if tokens are valid: true, expires at: 1768756041213
[debug] [2026-01-18T16:07:41.989Z] >>> [apiv2][query] GET https://cloudfunctions.googleapis.com/v2/projects/gillythekid-c6c48/locations/us-central1/operations/operation-1768752462058-648abc6325598-1cb250d5-d505ddee [none]
[debug] [2026-01-18T16:07:42.222Z] <<< [apiv2][status] GET https://cloudfunctions.googleapis.com/v2/projects/gillythekid-c6c48/locations/us-central1/operations/operation-1768752462058-648abc6325598-1cb250d5-d505ddee 200
[debug] [2026-01-18T16:07:42.222Z] <<< [apiv2][body] GET https://cloudfunctions.googleapis.com/v2/projects/gillythekid-c6c48/locations/us-central1/operations/operation-1768752462058-648abc6325598-1cb250d5-d505ddee {"name":"projects/gillythekid-c6c48/locations/us-central1/operations/operation-1768752462058-648abc6325598-1cb250d5-d505ddee","metadata":{"@type":"type.googleapis.com/google.cloud.functions.v2.OperationMetadata","createTime":"2026-01-18T16:07:42.803733103Z","target":"projects/gillythekid-c6c48/locations/us-central1/functions/ai_prompt","verb":"update","cancelRequested":false,"apiVersion":"v2","requestResource":{"@type":"type.googleapis.com/google.cloud.functions.v2.Function","name":"projects/gillythekid-c6c48/locations/us-central1/functions/ai_prompt","buildConfig":{"runtime":"python310","entryPoint":"ai_prompt","source":{"storageSource":{"bucket":"gcf-v2-sources-1012835367784-us-central1","object":"ai_prompt/function-source.zip","generation":"1768752462717403"}},"environmentVariables":{"GOOGLE_NODE_RUN_SCRIPTS":""},"dockerRepository":"projects/gillythekid-c6c48/locations/us-central1/repositories/gcf-artifacts","sourceProvenance":{"resolvedStorageSource":{"bucket":"gcf-v2-sources-1012835367784-us-central1","object":"ai_prompt/function-source.zip","generation":"1768182971196724"}},"dockerRegistry":"ARTIFACT_REGISTRY","serviceAccount":"projects/gillythekid-c6c48/serviceAccounts/1012835367784-compute@developer.gserviceaccount.com","automaticUpdatePolicy":{}},"serviceConfig":{"service":"projects/gillythekid-c6c48/locations/us-central1/services/ai-prompt","timeoutSeconds":60,"environmentVariables":{"FIREBASE_CONFIG":"{\"projectId\":\"gillythekid-c6c48\",\"storageBucket\":\"gillythekid-c6c48.firebasestorage.app\"}","GCLOUD_PROJECT":"gillythekid-c6c48","EVENTARC_CLOUD_EVENT_SOURCE":"projects/gillythekid-c6c48/locations/us-central1/services/ai_prompt","FUNCTION_TARGET":"ai_prompt","LOG_EXECUTION_ID":"true"},"ingressSettings":"ALLOW_ALL","uri":"https://ai-prompt-ob3ulsycpa-uc.a.run.app","serviceAccountEmail":"1012835367784-compute@developer.gserviceaccount.com","availableMemory":"256Mi","allTrafficOnLatestRevision":true,"revision":"ai-prompt-00001-mim","maxInstanceRequestConcurrency":80,"availableCpu":"1"},"state":"ACTIVE","labels":{"deployment-tool":"cli-firebase","firebase-functions-hash":"2ea69b5288597b0ac009bcf731df3b79f9141c58"},"environment":"GEN_2","url":"https://us-central1-gillythekid-c6c48.cloudfunctions.net/ai_prompt","satisfiesPzi":true},"stages":[{"name":"BUILD","state":"NOT_STARTED"},{"name":"SERVICE","state":"NOT_STARTED"}],"operationType":"UPDATE_FUNCTION"},"done":false}
[debug] [2026-01-18T16:07:42.738Z] [update-default-us-central1-ai_prompt] Retrying task index 0
[debug] [2026-01-18T16:07:42.739Z] Checked if tokens are valid: true, expires at: 1768756041213
[debug] [2026-01-18T16:07:42.739Z] Checked if tokens are valid: true, expires at: 1768756041213
[debug] [2026-01-18T16:07:42.739Z] >>> [apiv2][query] GET https://cloudfunctions.googleapis.com/v2/projects/gillythekid-c6c48/locations/us-central1/operations/operation-1768752462058-648abc6325598-1cb250d5-d505ddee [none]
[debug] [2026-01-18T16:07:42.972Z] <<< [apiv2][status] GET https://cloudfunctions.googleapis.com/v2/projects/gillythekid-c6c48/locations/us-central1/operations/operation-1768752462058-648abc6325598-1cb250d5-d505ddee 200
[debug] [2026-01-18T16:07:42.973Z] <<< [apiv2][body] GET https://cloudfunctions.googleapis.com/v2/projects/gillythekid-c6c48/locations/us-central1/operations/operation-1768752462058-648abc6325598-1cb250d5-d505ddee {"name":"projects/gillythekid-c6c48/locations/us-central1/operations/operation-1768752462058-648abc6325598-1cb250d5-d505ddee","metadata":{"@type":"type.googleapis.com/google.cloud.functions.v2.OperationMetadata","createTime":"2026-01-18T16:07:42.803733103Z","target":"projects/gillythekid-c6c48/locations/us-central1/functions/ai_prompt","verb":"update","cancelRequested":false,"apiVersion":"v2","requestResource":{"@type":"type.googleapis.com/google.cloud.functions.v2.Function","name":"projects/gillythekid-c6c48/locations/us-central1/functions/ai_prompt","buildConfig":{"runtime":"python310","entryPoint":"ai_prompt","source":{"storageSource":{"bucket":"gcf-v2-sources-1012835367784-us-central1","object":"ai_prompt/function-source.zip","generation":"1768752462717403"}},"environmentVariables":{"GOOGLE_NODE_RUN_SCRIPTS":""},"dockerRepository":"projects/gillythekid-c6c48/locations/us-central1/repositories/gcf-artifacts","sourceProvenance":{"resolvedStorageSource":{"bucket":"gcf-v2-sources-1012835367784-us-central1","object":"ai_prompt/function-source.zip","generation":"1768182971196724"}},"dockerRegistry":"ARTIFACT_REGISTRY","serviceAccount":"projects/gillythekid-c6c48/serviceAccounts/1012835367784-compute@developer.gserviceaccount.com","automaticUpdatePolicy":{}},"serviceConfig":{"service":"projects/gillythekid-c6c48/locations/us-central1/services/ai-prompt","timeoutSeconds":60,"environmentVariables":{"FIREBASE_CONFIG":"{\"projectId\":\"gillythekid-c6c48\",\"storageBucket\":\"gillythekid-c6c48.firebasestorage.app\"}","GCLOUD_PROJECT":"gillythekid-c6c48","EVENTARC_CLOUD_EVENT_SOURCE":"projects/gillythekid-c6c48/locations/us-central1/services/ai_prompt","FUNCTION_TARGET":"ai_prompt","LOG_EXECUTION_ID":"true"},"ingressSettings":"ALLOW_ALL","uri":"https://ai-prompt-ob3ulsycpa-uc.a.run.app","serviceAccountEmail":"1012835367784-compute@developer.gserviceaccount.com","availableMemory":"256Mi","allTrafficOnLatestRevision":true,"revision":"ai-prompt-00001-mim","maxInstanceRequestConcurrency":80,"availableCpu":"1"},"state":"ACTIVE","labels":{"deployment-tool":"cli-firebase","firebase-functions-hash":"2ea69b5288597b0ac009bcf731df3b79f9141c58"},"environment":"GEN_2","url":"https://us-central1-gillythekid-c6c48.cloudfunctions.net/ai_prompt","satisfiesPzi":true},"stages":[{"name":"BUILD","message":"Build in progress","state":"IN_PROGRESS","resource":"projects/1012835367784/locations/us-central1/builds/f2740d36-69ec-4d31-841a-da78eb6ed5c6","resourceUri":"https://console.cloud.google.com/cloud-build/builds;region=us-central1/f2740d36-69ec-4d31-841a-da78eb6ed5c6?project=1012835367784"},{"name":"SERVICE","state":"NOT_STARTED"}],"operationType":"UPDATE_FUNCTION","buildName":"projects/1012835367784/locations/us-central1/builds/f2740d36-69ec-4d31-841a-da78eb6ed5c6"},"done":false}
[debug] [2026-01-18T16:07:43.985Z] [update-default-us-central1-ai_prompt] Retrying task index 0
[debug] [2026-01-18T16:07:43.985Z] Checked if tokens are valid: true, expires at: 1768756041213
[debug] [2026-01-18T16:07:43.986Z] Checked if tokens are valid: true, expires at: 1768756041213
[debug] [2026-01-18T16:07:43.986Z] >>> [apiv2][query] GET https://cloudfunctions.googleapis.com/v2/projects/gillythekid-c6c48/locations/us-central1/operations/operation-1768752462058-648abc6325598-1cb250d5-d505ddee [none]
[debug] [2026-01-18T16:07:44.228Z] <<< [apiv2][status] GET https://cloudfunctions.googleapis.com/v2/projects/gillythekid-c6c48/locations/us-central1/operations/operation-1768752462058-648abc6325598-1cb250d5-d505ddee 200
[debug] [2026-01-18T16:07:44.228Z] <<< [apiv2][body] GET https://cloudfunctions.googleapis.com/v2/projects/gillythekid-c6c48/locations/us-central1/operations/operation-1768752462058-648abc6325598-1cb250d5-d505ddee {"name":"projects/gillythekid-c6c48/locations/us-central1/operations/operation-1768752462058-648abc6325598-1cb250d5-d505ddee","metadata":{"@type":"type.googleapis.com/google.cloud.functions.v2.OperationMetadata","createTime":"2026-01-18T16:07:42.803733103Z","target":"projects/gillythekid-c6c48/locations/us-central1/functions/ai_prompt","verb":"update","cancelRequested":false,"apiVersion":"v2","requestResource":{"@type":"type.googleapis.com/google.cloud.functions.v2.Function","name":"projects/gillythekid-c6c48/locations/us-central1/functions/ai_prompt","buildConfig":{"runtime":"python310","entryPoint":"ai_prompt","source":{"storageSource":{"bucket":"gcf-v2-sources-1012835367784-us-central1","object":"ai_prompt/function-source.zip","generation":"1768752462717403"}},"environmentVariables":{"GOOGLE_NODE_RUN_SCRIPTS":""},"dockerRepository":"projects/gillythekid-c6c48/locations/us-central1/repositories/gcf-artifacts","sourceProvenance":{"resolvedStorageSource":{"bucket":"gcf-v2-sources-1012835367784-us-central1","object":"ai_prompt/function-source.zip","generation":"1768182971196724"}},"dockerRegistry":"ARTIFACT_REGISTRY","serviceAccount":"projects/gillythekid-c6c48/serviceAccounts/1012835367784-compute@developer.gserviceaccount.com","automaticUpdatePolicy":{}},"serviceConfig":{"service":"projects/gillythekid-c6c48/locations/us-central1/services/ai-prompt","timeoutSeconds":60,"environmentVariables":{"FIREBASE_CONFIG":"{\"projectId\":\"gillythekid-c6c48\",\"storageBucket\":\"gillythekid-c6c48.firebasestorage.app\"}","GCLOUD_PROJECT":"gillythekid-c6c48","EVENTARC_CLOUD_EVENT_SOURCE":"projects/gillythekid-c6c48/locations/us-central1/services/ai_prompt","FUNCTION_TARGET":"ai_prompt","LOG_EXECUTION_ID":"true"},"ingressSettings":"ALLOW_ALL","uri":"https://ai-prompt-ob3ulsycpa-uc.a.run.app","serviceAccountEmail":"1012835367784-compute@developer.gserviceaccount.com","availableMemory":"256Mi","allTrafficOnLatestRevision":true,"revision":"ai-prompt-00001-mim","maxInstanceRequestConcurrency":80,"availableCpu":"1"},"state":"ACTIVE","labels":{"deployment-tool":"cli-firebase","firebase-functions-hash":"2ea69b5288597b0ac009bcf731df3b79f9141c58"},"environment":"GEN_2","url":"https://us-central1-gillythekid-c6c48.cloudfunctions.net/ai_prompt","satisfiesPzi":true},"stages":[{"name":"BUILD","message":"Build in progress","state":"IN_PROGRESS","resource":"projects/1012835367784/locations/us-central1/builds/f2740d36-69ec-4d31-841a-da78eb6ed5c6","resourceUri":"https://console.cloud.google.com/cloud-build/builds;region=us-central1/f2740d36-69ec-4d31-841a-da78eb6ed5c6?project=1012835367784"},{"name":"SERVICE","state":"NOT_STARTED"}],"operationType":"UPDATE_FUNCTION","buildName":"projects/1012835367784/locations/us-central1/builds/f2740d36-69ec-4d31-841a-da78eb6ed5c6"},"done":false}
[debug] [2026-01-18T16:07:46.236Z] [update-default-us-central1-ai_prompt] Retrying task index 0
[debug] [2026-01-18T16:07:46.236Z] Checked if tokens are valid: true, expires at: 1768756041213
[debug] [2026-01-18T16:07:46.236Z] Checked if tokens are valid: true, expires at: 1768756041213
[debug] [2026-01-18T16:07:46.236Z] >>> [apiv2][query] GET https://cloudfunctions.googleapis.com/v2/projects/gillythekid-c6c48/locations/us-central1/operations/operation-1768752462058-648abc6325598-1cb250d5-d505ddee [none]
[debug] [2026-01-18T16:07:46.488Z] <<< [apiv2][status] GET https://cloudfunctions.googleapis.com/v2/projects/gillythekid-c6c48/locations/us-central1/operations/operation-1768752462058-648abc6325598-1cb250d5-d505ddee 200
[debug] [2026-01-18T16:07:46.488Z] <<< [apiv2][body] GET https://cloudfunctions.googleapis.com/v2/projects/gillythekid-c6c48/locations/us-central1/operations/operation-1768752462058-648abc6325598-1cb250d5-d505ddee {"name":"projects/gillythekid-c6c48/locations/us-central1/operations/operation-1768752462058-648abc6325598-1cb250d5-d505ddee","metadata":{"@type":"type.googleapis.com/google.cloud.functions.v2.OperationMetadata","createTime":"2026-01-18T16:07:42.803733103Z","target":"projects/gillythekid-c6c48/locations/us-central1/functions/ai_prompt","verb":"update","cancelRequested":false,"apiVersion":"v2","requestResource":{"@type":"type.googleapis.com/google.cloud.functions.v2.Function","name":"projects/gillythekid-c6c48/locations/us-central1/functions/ai_prompt","buildConfig":{"runtime":"python310","entryPoint":"ai_prompt","source":{"storageSource":{"bucket":"gcf-v2-sources-1012835367784-us-central1","object":"ai_prompt/function-source.zip","generation":"1768752462717403"}},"environmentVariables":{"GOOGLE_NODE_RUN_SCRIPTS":""},"dockerRepository":"projects/gillythekid-c6c48/locations/us-central1/repositories/gcf-artifacts","sourceProvenance":{"resolvedStorageSource":{"bucket":"gcf-v2-sources-1012835367784-us-central1","object":"ai_prompt/function-source.zip","generation":"1768182971196724"}},"dockerRegistry":"ARTIFACT_REGISTRY","serviceAccount":"projects/gillythekid-c6c48/serviceAccounts/1012835367784-compute@developer.gserviceaccount.com","automaticUpdatePolicy":{}},"serviceConfig":{"service":"projects/gillythekid-c6c48/locations/us-central1/services/ai-prompt","timeoutSeconds":60,"environmentVariables":{"FIREBASE_CONFIG":"{\"projectId\":\"gillythekid-c6c48\",\"storageBucket\":\"gillythekid-c6c48.firebasestorage.app\"}","GCLOUD_PROJECT":"gillythekid-c6c48","EVENTARC_CLOUD_EVENT_SOURCE":"projects/gillythekid-c6c48/locations/us-central1/services/ai_prompt","FUNCTION_TARGET":"ai_prompt","LOG_EXECUTION_ID":"true"},"ingressSettings":"ALLOW_ALL","uri":"https://ai-prompt-ob3ulsycpa-uc.a.run.app","serviceAccountEmail":"1012835367784-compute@developer.gserviceaccount.com","availableMemory":"256Mi","allTrafficOnLatestRevision":true,"revision":"ai-prompt-00001-mim","maxInstanceRequestConcurrency":80,"availableCpu":"1"},"state":"ACTIVE","labels":{"deployment-tool":"cli-firebase","firebase-functions-hash":"2ea69b5288597b0ac009bcf731df3b79f9141c58"},"environment":"GEN_2","url":"https://us-central1-gillythekid-c6c48.cloudfunctions.net/ai_prompt","satisfiesPzi":true},"stages":[{"name":"BUILD","message":"Build in progress","state":"IN_PROGRESS","resource":"projects/1012835367784/locations/us-central1/builds/f2740d36-69ec-4d31-841a-da78eb6ed5c6","resourceUri":"https://console.cloud.google.com/cloud-build/builds;region=us-central1/f2740d36-69ec-4d31-841a-da78eb6ed5c6?project=1012835367784"},{"name":"SERVICE","state":"NOT_STARTED"}],"operationType":"UPDATE_FUNCTION","buildName":"projects/1012835367784/locations/us-central1/builds/f2740d36-69ec-4d31-841a-da78eb6ed5c6"},"done":false}
[debug] [2026-01-18T16:07:50.494Z] [update-default-us-central1-ai_prompt] Retrying task index 0
[debug] [2026-01-18T16:07:50.494Z] Checked if tokens are valid: true, expires at: 1768756041213
[debug] [2026-01-18T16:07:50.494Z] Checked if tokens are valid: true, expires at: 1768756041213
[debug] [2026-01-18T16:07:50.494Z] >>> [apiv2][query] GET https://cloudfunctions.googleapis.com/v2/projects/gillythekid-c6c48/locations/us-central1/operations/operation-1768752462058-648abc6325598-1cb250d5-d505ddee [none]
[debug] [2026-01-18T16:07:50.684Z] <<< [apiv2][status] GET https://cloudfunctions.googleapis.com/v2/projects/gillythekid-c6c48/locations/us-central1/operations/operation-1768752462058-648abc6325598-1cb250d5-d505ddee 200
[debug] [2026-01-18T16:07:50.684Z] <<< [apiv2][body] GET https://cloudfunctions.googleapis.com/v2/projects/gillythekid-c6c48/locations/us-central1/operations/operation-1768752462058-648abc6325598-1cb250d5-d505ddee {"name":"projects/gillythekid-c6c48/locations/us-central1/operations/operation-1768752462058-648abc6325598-1cb250d5-d505ddee","metadata":{"@type":"type.googleapis.com/google.cloud.functions.v2.OperationMetadata","createTime":"2026-01-18T16:07:42.803733103Z","target":"projects/gillythekid-c6c48/locations/us-central1/functions/ai_prompt","verb":"update","cancelRequested":false,"apiVersion":"v2","requestResource":{"@type":"type.googleapis.com/google.cloud.functions.v2.Function","name":"projects/gillythekid-c6c48/locations/us-central1/functions/ai_prompt","buildConfig":{"runtime":"python310","entryPoint":"ai_prompt","source":{"storageSource":{"bucket":"gcf-v2-sources-1012835367784-us-central1","object":"ai_prompt/function-source.zip","generation":"1768752462717403"}},"environmentVariables":{"GOOGLE_NODE_RUN_SCRIPTS":""},"dockerRepository":"projects/gillythekid-c6c48/locations/us-central1/repositories/gcf-artifacts","sourceProvenance":{"resolvedStorageSource":{"bucket":"gcf-v2-sources-1012835367784-us-central1","object":"ai_prompt/function-source.zip","generation":"1768182971196724"}},"dockerRegistry":"ARTIFACT_REGISTRY","serviceAccount":"projects/gillythekid-c6c48/serviceAccounts/1012835367784-compute@developer.gserviceaccount.com","automaticUpdatePolicy":{}},"serviceConfig":{"service":"projects/gillythekid-c6c48/locations/us-central1/services/ai-prompt","timeoutSeconds":60,"environmentVariables":{"FIREBASE_CONFIG":"{\"projectId\":\"gillythekid-c6c48\",\"storageBucket\":\"gillythekid-c6c48.firebasestorage.app\"}","GCLOUD_PROJECT":"gillythekid-c6c48","EVENTARC_CLOUD_EVENT_SOURCE":"projects/gillythekid-c6c48/locations/us-central1/services/ai_prompt","FUNCTION_TARGET":"ai_prompt","LOG_EXECUTION_ID":"true"},"ingressSettings":"ALLOW_ALL","uri":"https://ai-prompt-ob3ulsycpa-uc.a.run.app","serviceAccountEmail":"1012835367784-compute@developer.gserviceaccount.com","availableMemory":"256Mi","allTrafficOnLatestRevision":true,"revision":"ai-prompt-00001-mim","maxInstanceRequestConcurrency":80,"availableCpu":"1"},"state":"ACTIVE","labels":{"deployment-tool":"cli-firebase","firebase-functions-hash":"2ea69b5288597b0ac009bcf731df3b79f9141c58"},"environment":"GEN_2","url":"https://us-central1-gillythekid-c6c48.cloudfunctions.net/ai_prompt","satisfiesPzi":true},"stages":[{"name":"BUILD","message":"Build in progress","state":"IN_PROGRESS","resource":"projects/1012835367784/locations/us-central1/builds/f2740d36-69ec-4d31-841a-da78eb6ed5c6","resourceUri":"https://console.cloud.google.com/cloud-build/builds;region=us-central1/f2740d36-69ec-4d31-841a-da78eb6ed5c6?project=1012835367784"},{"name":"SERVICE","state":"NOT_STARTED"}],"operationType":"UPDATE_FUNCTION","buildName":"projects/1012835367784/locations/us-central1/builds/f2740d36-69ec-4d31-841a-da78eb6ed5c6"},"done":false}
[debug] [2026-01-18T16:07:58.690Z] [update-default-us-central1-ai_prompt] Retrying task index 0
[debug] [2026-01-18T16:07:58.691Z] Checked if tokens are valid: true, expires at: 1768756041213
[debug] [2026-01-18T16:07:58.691Z] Checked if tokens are valid: true, expires at: 1768756041213
[debug] [2026-01-18T16:07:58.691Z] >>> [apiv2][query] GET https://cloudfunctions.googleapis.com/v2/projects/gillythekid-c6c48/locations/us-central1/operations/operation-1768752462058-648abc6325598-1cb250d5-d505ddee [none]
[debug] [2026-01-18T16:07:58.839Z] <<< [apiv2][status] GET https://cloudfunctions.googleapis.com/v2/projects/gillythekid-c6c48/locations/us-central1/operations/operation-1768752462058-648abc6325598-1cb250d5-d505ddee 200
[debug] [2026-01-18T16:07:58.839Z] <<< [apiv2][body] GET https://cloudfunctions.googleapis.com/v2/projects/gillythekid-c6c48/locations/us-central1/operations/operation-1768752462058-648abc6325598-1cb250d5-d505ddee {"name":"projects/gillythekid-c6c48/locations/us-central1/operations/operation-1768752462058-648abc6325598-1cb250d5-d505ddee","metadata":{"@type":"type.googleapis.com/google.cloud.functions.v2.OperationMetadata","createTime":"2026-01-18T16:07:42.803733103Z","target":"projects/gillythekid-c6c48/locations/us-central1/functions/ai_prompt","verb":"update","cancelRequested":false,"apiVersion":"v2","requestResource":{"@type":"type.googleapis.com/google.cloud.functions.v2.Function","name":"projects/gillythekid-c6c48/locations/us-central1/functions/ai_prompt","buildConfig":{"runtime":"python310","entryPoint":"ai_prompt","source":{"storageSource":{"bucket":"gcf-v2-sources-1012835367784-us-central1","object":"ai_prompt/function-source.zip","generation":"1768752462717403"}},"environmentVariables":{"GOOGLE_NODE_RUN_SCRIPTS":""},"dockerRepository":"projects/gillythekid-c6c48/locations/us-central1/repositories/gcf-artifacts","sourceProvenance":{"resolvedStorageSource":{"bucket":"gcf-v2-sources-1012835367784-us-central1","object":"ai_prompt/function-source.zip","generation":"1768182971196724"}},"dockerRegistry":"ARTIFACT_REGISTRY","serviceAccount":"projects/gillythekid-c6c48/serviceAccounts/1012835367784-compute@developer.gserviceaccount.com","automaticUpdatePolicy":{}},"serviceConfig":{"service":"projects/gillythekid-c6c48/locations/us-central1/services/ai-prompt","timeoutSeconds":60,"environmentVariables":{"FIREBASE_CONFIG":"{\"projectId\":\"gillythekid-c6c48\",\"storageBucket\":\"gillythekid-c6c48.firebasestorage.app\"}","GCLOUD_PROJECT":"gillythekid-c6c48","EVENTARC_CLOUD_EVENT_SOURCE":"projects/gillythekid-c6c48/locations/us-central1/services/ai_prompt","FUNCTION_TARGET":"ai_prompt","LOG_EXECUTION_ID":"true"},"ingressSettings":"ALLOW_ALL","uri":"https://ai-prompt-ob3ulsycpa-uc.a.run.app","serviceAccountEmail":"1012835367784-compute@developer.gserviceaccount.com","availableMemory":"256Mi","allTrafficOnLatestRevision":true,"revision":"ai-prompt-00001-mim","maxInstanceRequestConcurrency":80,"availableCpu":"1"},"state":"ACTIVE","labels":{"deployment-tool":"cli-firebase","firebase-functions-hash":"2ea69b5288597b0ac009bcf731df3b79f9141c58"},"environment":"GEN_2","url":"https://us-central1-gillythekid-c6c48.cloudfunctions.net/ai_prompt","satisfiesPzi":true},"stages":[{"name":"BUILD","message":"Build in progress","state":"IN_PROGRESS","resource":"projects/1012835367784/locations/us-central1/builds/f2740d36-69ec-4d31-841a-da78eb6ed5c6","resourceUri":"https://console.cloud.google.com/cloud-build/builds;region=us-central1/f2740d36-69ec-4d31-841a-da78eb6ed5c6?project=1012835367784"},{"name":"SERVICE","state":"NOT_STARTED"}],"operationType":"UPDATE_FUNCTION","buildName":"projects/1012835367784/locations/us-central1/builds/f2740d36-69ec-4d31-841a-da78eb6ed5c6"},"done":false}
[debug] [2026-01-18T16:08:08.850Z] [update-default-us-central1-ai_prompt] Retrying task index 0
[debug] [2026-01-18T16:08:08.850Z] Checked if tokens are valid: true, expires at: 1768756041213
[debug] [2026-01-18T16:08:08.850Z] Checked if tokens are valid: true, expires at: 1768756041213
[debug] [2026-01-18T16:08:08.850Z] >>> [apiv2][query] GET https://cloudfunctions.googleapis.com/v2/projects/gillythekid-c6c48/locations/us-central1/operations/operation-1768752462058-648abc6325598-1cb250d5-d505ddee [none]
[debug] [2026-01-18T16:08:09.121Z] <<< [apiv2][status] GET https://cloudfunctions.googleapis.com/v2/projects/gillythekid-c6c48/locations/us-central1/operations/operation-1768752462058-648abc6325598-1cb250d5-d505ddee 200
[debug] [2026-01-18T16:08:09.121Z] <<< [apiv2][body] GET https://cloudfunctions.googleapis.com/v2/projects/gillythekid-c6c48/locations/us-central1/operations/operation-1768752462058-648abc6325598-1cb250d5-d505ddee {"name":"projects/gillythekid-c6c48/locations/us-central1/operations/operation-1768752462058-648abc6325598-1cb250d5-d505ddee","metadata":{"@type":"type.googleapis.com/google.cloud.functions.v2.OperationMetadata","createTime":"2026-01-18T16:07:42.803733103Z","target":"projects/gillythekid-c6c48/locations/us-central1/functions/ai_prompt","verb":"update","cancelRequested":false,"apiVersion":"v2","requestResource":{"@type":"type.googleapis.com/google.cloud.functions.v2.Function","name":"projects/gillythekid-c6c48/locations/us-central1/functions/ai_prompt","buildConfig":{"runtime":"python310","entryPoint":"ai_prompt","source":{"storageSource":{"bucket":"gcf-v2-sources-1012835367784-us-central1","object":"ai_prompt/function-source.zip","generation":"1768752462717403"}},"environmentVariables":{"GOOGLE_NODE_RUN_SCRIPTS":""},"dockerRepository":"projects/gillythekid-c6c48/locations/us-central1/repositories/gcf-artifacts","sourceProvenance":{"resolvedStorageSource":{"bucket":"gcf-v2-sources-1012835367784-us-central1","object":"ai_prompt/function-source.zip","generation":"1768182971196724"}},"dockerRegistry":"ARTIFACT_REGISTRY","serviceAccount":"projects/gillythekid-c6c48/serviceAccounts/1012835367784-compute@developer.gserviceaccount.com","automaticUpdatePolicy":{}},"serviceConfig":{"service":"projects/gillythekid-c6c48/locations/us-central1/services/ai-prompt","timeoutSeconds":60,"environmentVariables":{"FIREBASE_CONFIG":"{\"projectId\":\"gillythekid-c6c48\",\"storageBucket\":\"gillythekid-c6c48.firebasestorage.app\"}","GCLOUD_PROJECT":"gillythekid-c6c48","EVENTARC_CLOUD_EVENT_SOURCE":"projects/gillythekid-c6c48/locations/us-central1/services/ai_prompt","FUNCTION_TARGET":"ai_prompt","LOG_EXECUTION_ID":"true"},"ingressSettings":"ALLOW_ALL","uri":"https://ai-prompt-ob3ulsycpa-uc.a.run.app","serviceAccountEmail":"1012835367784-compute@developer.gserviceaccount.com","availableMemory":"256Mi","allTrafficOnLatestRevision":true,"revision":"ai-prompt-00001-mim","maxInstanceRequestConcurrency":80,"availableCpu":"1"},"state":"ACTIVE","labels":{"deployment-tool":"cli-firebase","firebase-functions-hash":"2ea69b5288597b0ac009bcf731df3b79f9141c58"},"environment":"GEN_2","url":"https://us-central1-gillythekid-c6c48.cloudfunctions.net/ai_prompt","satisfiesPzi":true},"stages":[{"name":"BUILD","message":"Build in progress","state":"IN_PROGRESS","resource":"projects/1012835367784/locations/us-central1/builds/f2740d36-69ec-4d31-841a-da78eb6ed5c6","resourceUri":"https://console.cloud.google.com/cloud-build/builds;region=us-central1/f2740d36-69ec-4d31-841a-da78eb6ed5c6?project=1012835367784"},{"name":"SERVICE","state":"NOT_STARTED"}],"operationType":"UPDATE_FUNCTION","buildName":"projects/1012835367784/locations/us-central1/builds/f2740d36-69ec-4d31-841a-da78eb6ed5c6"},"done":false}
[debug] [2026-01-18T16:08:19.131Z] [update-default-us-central1-ai_prompt] Retrying task index 0
[debug] [2026-01-18T16:08:19.131Z] Checked if tokens are valid: true, expires at: 1768756041213
[debug] [2026-01-18T16:08:19.131Z] Checked if tokens are valid: true, expires at: 1768756041213
[debug] [2026-01-18T16:08:19.131Z] >>> [apiv2][query] GET https://cloudfunctions.googleapis.com/v2/projects/gillythekid-c6c48/locations/us-central1/operations/operation-1768752462058-648abc6325598-1cb250d5-d505ddee [none]
[debug] [2026-01-18T16:08:19.313Z] <<< [apiv2][status] GET https://cloudfunctions.googleapis.com/v2/projects/gillythekid-c6c48/locations/us-central1/operations/operation-1768752462058-648abc6325598-1cb250d5-d505ddee 200
[debug] [2026-01-18T16:08:19.313Z] <<< [apiv2][body] GET https://cloudfunctions.googleapis.com/v2/projects/gillythekid-c6c48/locations/us-central1/operations/operation-1768752462058-648abc6325598-1cb250d5-d505ddee {"name":"projects/gillythekid-c6c48/locations/us-central1/operations/operation-1768752462058-648abc6325598-1cb250d5-d505ddee","metadata":{"@type":"type.googleapis.com/google.cloud.functions.v2.OperationMetadata","createTime":"2026-01-18T16:07:42.803733103Z","target":"projects/gillythekid-c6c48/locations/us-central1/functions/ai_prompt","verb":"update","cancelRequested":false,"apiVersion":"v2","requestResource":{"@type":"type.googleapis.com/google.cloud.functions.v2.Function","name":"projects/gillythekid-c6c48/locations/us-central1/functions/ai_prompt","buildConfig":{"runtime":"python310","entryPoint":"ai_prompt","source":{"storageSource":{"bucket":"gcf-v2-sources-1012835367784-us-central1","object":"ai_prompt/function-source.zip","generation":"1768752462717403"}},"environmentVariables":{"GOOGLE_NODE_RUN_SCRIPTS":""},"dockerRepository":"projects/gillythekid-c6c48/locations/us-central1/repositories/gcf-artifacts","sourceProvenance":{"resolvedStorageSource":{"bucket":"gcf-v2-sources-1012835367784-us-central1","object":"ai_prompt/function-source.zip","generation":"1768182971196724"}},"dockerRegistry":"ARTIFACT_REGISTRY","serviceAccount":"projects/gillythekid-c6c48/serviceAccounts/1012835367784-compute@developer.gserviceaccount.com","automaticUpdatePolicy":{}},"serviceConfig":{"service":"projects/gillythekid-c6c48/locations/us-central1/services/ai-prompt","timeoutSeconds":60,"environmentVariables":{"FIREBASE_CONFIG":"{\"projectId\":\"gillythekid-c6c48\",\"storageBucket\":\"gillythekid-c6c48.firebasestorage.app\"}","GCLOUD_PROJECT":"gillythekid-c6c48","EVENTARC_CLOUD_EVENT_SOURCE":"projects/gillythekid-c6c48/locations/us-central1/services/ai_prompt","FUNCTION_TARGET":"ai_prompt","LOG_EXECUTION_ID":"true"},"ingressSettings":"ALLOW_ALL","uri":"https://ai-prompt-ob3ulsycpa-uc.a.run.app","serviceAccountEmail":"1012835367784-compute@developer.gserviceaccount.com","availableMemory":"256Mi","allTrafficOnLatestRevision":true,"revision":"ai-prompt-00001-mim","maxInstanceRequestConcurrency":80,"availableCpu":"1"},"state":"ACTIVE","labels":{"deployment-tool":"cli-firebase","firebase-functions-hash":"2ea69b5288597b0ac009bcf731df3b79f9141c58"},"environment":"GEN_2","url":"https://us-central1-gillythekid-c6c48.cloudfunctions.net/ai_prompt","satisfiesPzi":true},"stages":[{"name":"BUILD","message":"Build in progress","state":"IN_PROGRESS","resource":"projects/1012835367784/locations/us-central1/builds/f2740d36-69ec-4d31-841a-da78eb6ed5c6","resourceUri":"https://console.cloud.google.com/cloud-build/builds;region=us-central1/f2740d36-69ec-4d31-841a-da78eb6ed5c6?project=1012835367784"},{"name":"SERVICE","state":"NOT_STARTED"}],"operationType":"UPDATE_FUNCTION","buildName":"projects/1012835367784/locations/us-central1/builds/f2740d36-69ec-4d31-841a-da78eb6ed5c6"},"done":false}
[debug] [2026-01-18T16:08:29.321Z] [update-default-us-central1-ai_prompt] Retrying task index 0
[debug] [2026-01-18T16:08:29.322Z] Checked if tokens are valid: true, expires at: 1768756041213
[debug] [2026-01-18T16:08:29.322Z] Checked if tokens are valid: true, expires at: 1768756041213
[debug] [2026-01-18T16:08:29.322Z] >>> [apiv2][query] GET https://cloudfunctions.googleapis.com/v2/projects/gillythekid-c6c48/locations/us-central1/operations/operation-1768752462058-648abc6325598-1cb250d5-d505ddee [none]
[debug] [2026-01-18T16:08:29.475Z] <<< [apiv2][status] GET https://cloudfunctions.googleapis.com/v2/projects/gillythekid-c6c48/locations/us-central1/operations/operation-1768752462058-648abc6325598-1cb250d5-d505ddee 200
[debug] [2026-01-18T16:08:29.476Z] <<< [apiv2][body] GET https://cloudfunctions.googleapis.com/v2/projects/gillythekid-c6c48/locations/us-central1/operations/operation-1768752462058-648abc6325598-1cb250d5-d505ddee {"name":"projects/gillythekid-c6c48/locations/us-central1/operations/operation-1768752462058-648abc6325598-1cb250d5-d505ddee","metadata":{"@type":"type.googleapis.com/google.cloud.functions.v2.OperationMetadata","createTime":"2026-01-18T16:07:42.803733103Z","target":"projects/gillythekid-c6c48/locations/us-central1/functions/ai_prompt","verb":"update","cancelRequested":false,"apiVersion":"v2","requestResource":{"@type":"type.googleapis.com/google.cloud.functions.v2.Function","name":"projects/gillythekid-c6c48/locations/us-central1/functions/ai_prompt","buildConfig":{"runtime":"python310","entryPoint":"ai_prompt","source":{"storageSource":{"bucket":"gcf-v2-sources-1012835367784-us-central1","object":"ai_prompt/function-source.zip","generation":"1768752462717403"}},"environmentVariables":{"GOOGLE_NODE_RUN_SCRIPTS":""},"dockerRepository":"projects/gillythekid-c6c48/locations/us-central1/repositories/gcf-artifacts","sourceProvenance":{"resolvedStorageSource":{"bucket":"gcf-v2-sources-1012835367784-us-central1","object":"ai_prompt/function-source.zip","generation":"1768182971196724"}},"dockerRegistry":"ARTIFACT_REGISTRY","serviceAccount":"projects/gillythekid-c6c48/serviceAccounts/1012835367784-compute@developer.gserviceaccount.com","automaticUpdatePolicy":{}},"serviceConfig":{"service":"projects/gillythekid-c6c48/locations/us-central1/services/ai-prompt","timeoutSeconds":60,"environmentVariables":{"FIREBASE_CONFIG":"{\"projectId\":\"gillythekid-c6c48\",\"storageBucket\":\"gillythekid-c6c48.firebasestorage.app\"}","GCLOUD_PROJECT":"gillythekid-c6c48","EVENTARC_CLOUD_EVENT_SOURCE":"projects/gillythekid-c6c48/locations/us-central1/services/ai_prompt","FUNCTION_TARGET":"ai_prompt","LOG_EXECUTION_ID":"true"},"ingressSettings":"ALLOW_ALL","uri":"https://ai-prompt-ob3ulsycpa-uc.a.run.app","serviceAccountEmail":"1012835367784-compute@developer.gserviceaccount.com","availableMemory":"256Mi","allTrafficOnLatestRevision":true,"revision":"ai-prompt-00001-mim","maxInstanceRequestConcurrency":80,"availableCpu":"1"},"state":"ACTIVE","labels":{"deployment-tool":"cli-firebase","firebase-functions-hash":"2ea69b5288597b0ac009bcf731df3b79f9141c58"},"environment":"GEN_2","url":"https://us-central1-gillythekid-c6c48.cloudfunctions.net/ai_prompt","satisfiesPzi":true},"stages":[{"name":"BUILD","message":"Build in progress","state":"IN_PROGRESS","resource":"projects/1012835367784/locations/us-central1/builds/f2740d36-69ec-4d31-841a-da78eb6ed5c6","resourceUri":"https://console.cloud.google.com/cloud-build/builds;region=us-central1/f2740d36-69ec-4d31-841a-da78eb6ed5c6?project=1012835367784"},{"name":"SERVICE","state":"NOT_STARTED"}],"operationType":"UPDATE_FUNCTION","buildName":"projects/1012835367784/locations/us-central1/builds/f2740d36-69ec-4d31-841a-da78eb6ed5c6"},"done":false}
[debug] [2026-01-18T16:08:39.476Z] [update-default-us-central1-ai_prompt] Retrying task index 0
[debug] [2026-01-18T16:08:39.477Z] Checked if tokens are valid: true, expires at: 1768756041213
[debug] [2026-01-18T16:08:39.477Z] Checked if tokens are valid: true, expires at: 1768756041213
[debug] [2026-01-18T16:08:39.477Z] >>> [apiv2][query] GET https://cloudfunctions.googleapis.com/v2/projects/gillythekid-c6c48/locations/us-central1/operations/operation-1768752462058-648abc6325598-1cb250d5-d505ddee [none]
[debug] [2026-01-18T16:08:39.728Z] <<< [apiv2][status] GET https://cloudfunctions.googleapis.com/v2/projects/gillythekid-c6c48/locations/us-central1/operations/operation-1768752462058-648abc6325598-1cb250d5-d505ddee 200
[debug] [2026-01-18T16:08:39.729Z] <<< [apiv2][body] GET https://cloudfunctions.googleapis.com/v2/projects/gillythekid-c6c48/locations/us-central1/operations/operation-1768752462058-648abc6325598-1cb250d5-d505ddee {"name":"projects/gillythekid-c6c48/locations/us-central1/operations/operation-1768752462058-648abc6325598-1cb250d5-d505ddee","metadata":{"@type":"type.googleapis.com/google.cloud.functions.v2.OperationMetadata","createTime":"2026-01-18T16:07:42.803733103Z","target":"projects/gillythekid-c6c48/locations/us-central1/functions/ai_prompt","verb":"update","cancelRequested":false,"apiVersion":"v2","requestResource":{"@type":"type.googleapis.com/google.cloud.functions.v2.Function","name":"projects/gillythekid-c6c48/locations/us-central1/functions/ai_prompt","buildConfig":{"runtime":"python310","entryPoint":"ai_prompt","source":{"storageSource":{"bucket":"gcf-v2-sources-1012835367784-us-central1","object":"ai_prompt/function-source.zip","generation":"1768752462717403"}},"environmentVariables":{"GOOGLE_NODE_RUN_SCRIPTS":""},"dockerRepository":"projects/gillythekid-c6c48/locations/us-central1/repositories/gcf-artifacts","sourceProvenance":{"resolvedStorageSource":{"bucket":"gcf-v2-sources-1012835367784-us-central1","object":"ai_prompt/function-source.zip","generation":"1768182971196724"}},"dockerRegistry":"ARTIFACT_REGISTRY","serviceAccount":"projects/gillythekid-c6c48/serviceAccounts/1012835367784-compute@developer.gserviceaccount.com","automaticUpdatePolicy":{}},"serviceConfig":{"service":"projects/gillythekid-c6c48/locations/us-central1/services/ai-prompt","timeoutSeconds":60,"environmentVariables":{"FIREBASE_CONFIG":"{\"projectId\":\"gillythekid-c6c48\",\"storageBucket\":\"gillythekid-c6c48.firebasestorage.app\"}","GCLOUD_PROJECT":"gillythekid-c6c48","EVENTARC_CLOUD_EVENT_SOURCE":"projects/gillythekid-c6c48/locations/us-central1/services/ai_prompt","FUNCTION_TARGET":"ai_prompt","LOG_EXECUTION_ID":"true"},"ingressSettings":"ALLOW_ALL","uri":"https://ai-prompt-ob3ulsycpa-uc.a.run.app","serviceAccountEmail":"1012835367784-compute@developer.gserviceaccount.com","availableMemory":"256Mi","allTrafficOnLatestRevision":true,"revision":"ai-prompt-00001-mim","maxInstanceRequestConcurrency":80,"availableCpu":"1"},"state":"ACTIVE","labels":{"deployment-tool":"cli-firebase","firebase-functions-hash":"2ea69b5288597b0ac009bcf731df3b79f9141c58"},"environment":"GEN_2","url":"https://us-central1-gillythekid-c6c48.cloudfunctions.net/ai_prompt","satisfiesPzi":true},"stages":[{"name":"BUILD","message":"Build in progress","state":"IN_PROGRESS","resource":"projects/1012835367784/locations/us-central1/builds/f2740d36-69ec-4d31-841a-da78eb6ed5c6","resourceUri":"https://console.cloud.google.com/cloud-build/builds;region=us-central1/f2740d36-69ec-4d31-841a-da78eb6ed5c6?project=1012835367784"},{"name":"SERVICE","state":"NOT_STARTED"}],"operationType":"UPDATE_FUNCTION","buildName":"projects/1012835367784/locations/us-central1/builds/f2740d36-69ec-4d31-841a-da78eb6ed5c6"},"done":false}
[debug] [2026-01-18T16:08:49.742Z] [update-default-us-central1-ai_prompt] Retrying task index 0
[debug] [2026-01-18T16:08:49.742Z] Checked if tokens are valid: true, expires at: 1768756041213
[debug] [2026-01-18T16:08:49.742Z] Checked if tokens are valid: true, expires at: 1768756041213
[debug] [2026-01-18T16:08:49.743Z] >>> [apiv2][query] GET https://cloudfunctions.googleapis.com/v2/projects/gillythekid-c6c48/locations/us-central1/operations/operation-1768752462058-648abc6325598-1cb250d5-d505ddee [none]
[debug] [2026-01-18T16:08:50.026Z] <<< [apiv2][status] GET https://cloudfunctions.googleapis.com/v2/projects/gillythekid-c6c48/locations/us-central1/operations/operation-1768752462058-648abc6325598-1cb250d5-d505ddee 200
[debug] [2026-01-18T16:08:50.027Z] <<< [apiv2][body] GET https://cloudfunctions.googleapis.com/v2/projects/gillythekid-c6c48/locations/us-central1/operations/operation-1768752462058-648abc6325598-1cb250d5-d505ddee {"name":"projects/gillythekid-c6c48/locations/us-central1/operations/operation-1768752462058-648abc6325598-1cb250d5-d505ddee","metadata":{"@type":"type.googleapis.com/google.cloud.functions.v2.OperationMetadata","createTime":"2026-01-18T16:07:42.803733103Z","target":"projects/gillythekid-c6c48/locations/us-central1/functions/ai_prompt","verb":"update","cancelRequested":false,"apiVersion":"v2","requestResource":{"@type":"type.googleapis.com/google.cloud.functions.v2.Function","name":"projects/gillythekid-c6c48/locations/us-central1/functions/ai_prompt","buildConfig":{"runtime":"python310","entryPoint":"ai_prompt","source":{"storageSource":{"bucket":"gcf-v2-sources-1012835367784-us-central1","object":"ai_prompt/function-source.zip","generation":"1768752462717403"}},"environmentVariables":{"GOOGLE_NODE_RUN_SCRIPTS":""},"dockerRepository":"projects/gillythekid-c6c48/locations/us-central1/repositories/gcf-artifacts","sourceProvenance":{"resolvedStorageSource":{"bucket":"gcf-v2-sources-1012835367784-us-central1","object":"ai_prompt/function-source.zip","generation":"1768182971196724"}},"dockerRegistry":"ARTIFACT_REGISTRY","serviceAccount":"projects/gillythekid-c6c48/serviceAccounts/1012835367784-compute@developer.gserviceaccount.com","automaticUpdatePolicy":{}},"serviceConfig":{"service":"projects/gillythekid-c6c48/locations/us-central1/services/ai-prompt","timeoutSeconds":60,"environmentVariables":{"FIREBASE_CONFIG":"{\"projectId\":\"gillythekid-c6c48\",\"storageBucket\":\"gillythekid-c6c48.firebasestorage.app\"}","GCLOUD_PROJECT":"gillythekid-c6c48","EVENTARC_CLOUD_EVENT_SOURCE":"projects/gillythekid-c6c48/locations/us-central1/services/ai_prompt","FUNCTION_TARGET":"ai_prompt","LOG_EXECUTION_ID":"true"},"ingressSettings":"ALLOW_ALL","uri":"https://ai-prompt-ob3ulsycpa-uc.a.run.app","serviceAccountEmail":"1012835367784-compute@developer.gserviceaccount.com","availableMemory":"256Mi","allTrafficOnLatestRevision":true,"revision":"ai-prompt-00001-mim","maxInstanceRequestConcurrency":80,"availableCpu":"1"},"state":"ACTIVE","labels":{"deployment-tool":"cli-firebase","firebase-functions-hash":"2ea69b5288597b0ac009bcf731df3b79f9141c58"},"environment":"GEN_2","url":"https://us-central1-gillythekid-c6c48.cloudfunctions.net/ai_prompt","satisfiesPzi":true},"stages":[{"name":"BUILD","message":"Build finished","state":"COMPLETE","resource":"projects/1012835367784/locations/us-central1/builds/f2740d36-69ec-4d31-841a-da78eb6ed5c6","resourceUri":"https://console.cloud.google.com/cloud-build/builds;region=us-central1/f2740d36-69ec-4d31-841a-da78eb6ed5c6?project=1012835367784"},{"name":"SERVICE","message":"Updating Cloud Run service","state":"IN_PROGRESS","resource":"projects/gillythekid-c6c48/locations/us-central1/services/ai-prompt","resourceUri":"https://console.cloud.google.com/run/detail/us-central1/ai-prompt?project=gillythekid-c6c48","stateMessages":[{"severity":"INFO","type":"CloudRunServiceNewRevisionTrafficInfo","message":"A new revision will be deployed serving with 100% traffic."}]}],"sourceToken":"Clhwcm9qZWN0cy8xMDEyODM1MzY3Nzg0L2xvY2F0aW9ucy91cy1jZW50cmFsMS9idWlsZHMvZjI3NDBkMzYtNjllYy00ZDMxLTg0MWEtZGE3OGViNmVkNWM2EnF1cy1jZW50cmFsMS1kb2NrZXIucGtnLmRldi9naWxseXRoZWtpZC1jNmM0OC9nY2YtYXJ0aWZhY3RzL2dpbGx5dGhla2lkLS1jNmM0OF9fdXMtLWNlbnRyYWwxX19haV9fcHJvbXB0OnZlcnNpb25fMRjo9sSNvR0iRHByb2plY3RzL2dpbGx5dGhla2lkLWM2YzQ4L2xvY2F0aW9ucy91cy1jZW50cmFsMS9mdW5jdGlvbnMvYWlfcHJvbXB0KgwIkYu0ywYQ8J+qxAEyCXB5dGhvbjMxMDp4CiRnY3IuaW8vZ2FlLXJ1bnRpbWVzL3B5dGhvbjMxMDpzdGFibGUSUHVzLWNlbnRyYWwxLWRvY2tlci5wa2cuZGV2L3NlcnZlcmxlc3MtcnVudGltZXMvZ29vZ2xlLTIyLWZ1bGwvcnVudGltZXMvcHl0aG9uMzEwQAE=","operationType":"UPDATE_FUNCTION","buildName":"projects/1012835367784/locations/us-central1/builds/f2740d36-69ec-4d31-841a-da78eb6ed5c6"},"done":false}
[debug] [2026-01-18T16:08:50.027Z] Got source token Clhwcm9qZWN0cy8xMDEyODM1MzY3Nzg0L2xvY2F0aW9ucy91cy1jZW50cmFsMS9idWlsZHMvZjI3NDBkMzYtNjllYy00ZDMxLTg0MWEtZGE3OGViNmVkNWM2EnF1cy1jZW50cmFsMS1kb2NrZXIucGtnLmRldi9naWxseXRoZWtpZC1jNmM0OC9nY2YtYXJ0aWZhY3RzL2dpbGx5dGhla2lkLS1jNmM0OF9fdXMtLWNlbnRyYWwxX19haV9fcHJvbXB0OnZlcnNpb25fMRjo9sSNvR0iRHByb2plY3RzL2dpbGx5dGhla2lkLWM2YzQ4L2xvY2F0aW9ucy91cy1jZW50cmFsMS9mdW5jdGlvbnMvYWlfcHJvbXB0KgwIkYu0ywYQ8J+qxAEyCXB5dGhvbjMxMDp4CiRnY3IuaW8vZ2FlLXJ1bnRpbWVzL3B5dGhvbjMxMDpzdGFibGUSUHVzLWNlbnRyYWwxLWRvY2tlci5wa2cuZGV2L3NlcnZlcmxlc3MtcnVudGltZXMvZ29vZ2xlLTIyLWZ1bGwvcnVudGltZXMvcHl0aG9uMzEwQAE= for region us-central1
[debug] [2026-01-18T16:09:00.029Z] [update-default-us-central1-ai_prompt] Retrying task index 0
[debug] [2026-01-18T16:09:00.029Z] Checked if tokens are valid: true, expires at: 1768756041213
[debug] [2026-01-18T16:09:00.029Z] Checked if tokens are valid: true, expires at: 1768756041213
[debug] [2026-01-18T16:09:00.029Z] >>> [apiv2][query] GET https://cloudfunctions.googleapis.com/v2/projects/gillythekid-c6c48/locations/us-central1/operations/operation-1768752462058-648abc6325598-1cb250d5-d505ddee [none]
[debug] [2026-01-18T16:09:00.298Z] <<< [apiv2][status] GET https://cloudfunctions.googleapis.com/v2/projects/gillythekid-c6c48/locations/us-central1/operations/operation-1768752462058-648abc6325598-1cb250d5-d505ddee 200
[debug] [2026-01-18T16:09:00.298Z] <<< [apiv2][body] GET https://cloudfunctions.googleapis.com/v2/projects/gillythekid-c6c48/locations/us-central1/operations/operation-1768752462058-648abc6325598-1cb250d5-d505ddee {"name":"projects/gillythekid-c6c48/locations/us-central1/operations/operation-1768752462058-648abc6325598-1cb250d5-d505ddee","metadata":{"@type":"type.googleapis.com/google.cloud.functions.v2.OperationMetadata","createTime":"2026-01-18T16:07:42.803733103Z","target":"projects/gillythekid-c6c48/locations/us-central1/functions/ai_prompt","verb":"update","cancelRequested":false,"apiVersion":"v2","requestResource":{"@type":"type.googleapis.com/google.cloud.functions.v2.Function","name":"projects/gillythekid-c6c48/locations/us-central1/functions/ai_prompt","buildConfig":{"runtime":"python310","entryPoint":"ai_prompt","source":{"storageSource":{"bucket":"gcf-v2-sources-1012835367784-us-central1","object":"ai_prompt/function-source.zip","generation":"1768752462717403"}},"environmentVariables":{"GOOGLE_NODE_RUN_SCRIPTS":""},"dockerRepository":"projects/gillythekid-c6c48/locations/us-central1/repositories/gcf-artifacts","sourceProvenance":{"resolvedStorageSource":{"bucket":"gcf-v2-sources-1012835367784-us-central1","object":"ai_prompt/function-source.zip","generation":"1768182971196724"}},"dockerRegistry":"ARTIFACT_REGISTRY","serviceAccount":"projects/gillythekid-c6c48/serviceAccounts/1012835367784-compute@developer.gserviceaccount.com","automaticUpdatePolicy":{}},"serviceConfig":{"service":"projects/gillythekid-c6c48/locations/us-central1/services/ai-prompt","timeoutSeconds":60,"environmentVariables":{"FIREBASE_CONFIG":"{\"projectId\":\"gillythekid-c6c48\",\"storageBucket\":\"gillythekid-c6c48.firebasestorage.app\"}","GCLOUD_PROJECT":"gillythekid-c6c48","EVENTARC_CLOUD_EVENT_SOURCE":"projects/gillythekid-c6c48/locations/us-central1/services/ai_prompt","FUNCTION_TARGET":"ai_prompt","LOG_EXECUTION_ID":"true"},"ingressSettings":"ALLOW_ALL","uri":"https://ai-prompt-ob3ulsycpa-uc.a.run.app","serviceAccountEmail":"1012835367784-compute@developer.gserviceaccount.com","availableMemory":"256Mi","allTrafficOnLatestRevision":true,"revision":"ai-prompt-00001-mim","maxInstanceRequestConcurrency":80,"availableCpu":"1"},"state":"ACTIVE","labels":{"deployment-tool":"cli-firebase","firebase-functions-hash":"2ea69b5288597b0ac009bcf731df3b79f9141c58"},"environment":"GEN_2","url":"https://us-central1-gillythekid-c6c48.cloudfunctions.net/ai_prompt","satisfiesPzi":true},"stages":[{"name":"BUILD","message":"Build finished","state":"COMPLETE","resource":"projects/1012835367784/locations/us-central1/builds/f2740d36-69ec-4d31-841a-da78eb6ed5c6","resourceUri":"https://console.cloud.google.com/cloud-build/builds;region=us-central1/f2740d36-69ec-4d31-841a-da78eb6ed5c6?project=1012835367784"},{"name":"SERVICE","message":"Updating Cloud Run service","state":"IN_PROGRESS","resource":"projects/gillythekid-c6c48/locations/us-central1/services/ai-prompt","resourceUri":"https://console.cloud.google.com/run/detail/us-central1/ai-prompt?project=gillythekid-c6c48","stateMessages":[{"severity":"INFO","type":"CloudRunServiceNewRevisionTrafficInfo","message":"A new revision will be deployed serving with 100% traffic."}]}],"sourceToken":"Clhwcm9qZWN0cy8xMDEyODM1MzY3Nzg0L2xvY2F0aW9ucy91cy1jZW50cmFsMS9idWlsZHMvZjI3NDBkMzYtNjllYy00ZDMxLTg0MWEtZGE3OGViNmVkNWM2EnF1cy1jZW50cmFsMS1kb2NrZXIucGtnLmRldi9naWxseXRoZWtpZC1jNmM0OC9nY2YtYXJ0aWZhY3RzL2dpbGx5dGhla2lkLS1jNmM0OF9fdXMtLWNlbnRyYWwxX19haV9fcHJvbXB0OnZlcnNpb25fMRjo9sSNvR0iRHByb2plY3RzL2dpbGx5dGhla2lkLWM2YzQ4L2xvY2F0aW9ucy91cy1jZW50cmFsMS9mdW5jdGlvbnMvYWlfcHJvbXB0KgwIkYu0ywYQ8J+qxAEyCXB5dGhvbjMxMDp4CiRnY3IuaW8vZ2FlLXJ1bnRpbWVzL3B5dGhvbjMxMDpzdGFibGUSUHVzLWNlbnRyYWwxLWRvY2tlci5wa2cuZGV2L3NlcnZlcmxlc3MtcnVudGltZXMvZ29vZ2xlLTIyLWZ1bGwvcnVudGltZXMvcHl0aG9uMzEwQAE=","operationType":"UPDATE_FUNCTION","buildName":"projects/1012835367784/locations/us-central1/builds/f2740d36-69ec-4d31-841a-da78eb6ed5c6"},"done":false}
[debug] [2026-01-18T16:09:00.298Z] Got source token Clhwcm9qZWN0cy8xMDEyODM1MzY3Nzg0L2xvY2F0aW9ucy91cy1jZW50cmFsMS9idWlsZHMvZjI3NDBkMzYtNjllYy00ZDMxLTg0MWEtZGE3OGViNmVkNWM2EnF1cy1jZW50cmFsMS1kb2NrZXIucGtnLmRldi9naWxseXRoZWtpZC1jNmM0OC9nY2YtYXJ0aWZhY3RzL2dpbGx5dGhla2lkLS1jNmM0OF9fdXMtLWNlbnRyYWwxX19haV9fcHJvbXB0OnZlcnNpb25fMRjo9sSNvR0iRHByb2plY3RzL2dpbGx5dGhla2lkLWM2YzQ4L2xvY2F0aW9ucy91cy1jZW50cmFsMS9mdW5jdGlvbnMvYWlfcHJvbXB0KgwIkYu0ywYQ8J+qxAEyCXB5dGhvbjMxMDp4CiRnY3IuaW8vZ2FlLXJ1bnRpbWVzL3B5dGhvbjMxMDpzdGFibGUSUHVzLWNlbnRyYWwxLWRvY2tlci5wa2cuZGV2L3NlcnZlcmxlc3MtcnVudGltZXMvZ29vZ2xlLTIyLWZ1bGwvcnVudGltZXMvcHl0aG9uMzEwQAE= for region us-central1
[debug] [2026-01-18T16:09:10.311Z] [update-default-us-central1-ai_prompt] Retrying task index 0
[debug] [2026-01-18T16:09:10.311Z] Checked if tokens are valid: true, expires at: 1768756041213
[debug] [2026-01-18T16:09:10.311Z] Checked if tokens are valid: true, expires at: 1768756041213
[debug] [2026-01-18T16:09:10.311Z] >>> [apiv2][query] GET https://cloudfunctions.googleapis.com/v2/projects/gillythekid-c6c48/locations/us-central1/operations/operation-1768752462058-648abc6325598-1cb250d5-d505ddee [none]
[debug] [2026-01-18T16:09:10.469Z] <<< [apiv2][status] GET https://cloudfunctions.googleapis.com/v2/projects/gillythekid-c6c48/locations/us-central1/operations/operation-1768752462058-648abc6325598-1cb250d5-d505ddee 200
[debug] [2026-01-18T16:09:10.469Z] <<< [apiv2][body] GET https://cloudfunctions.googleapis.com/v2/projects/gillythekid-c6c48/locations/us-central1/operations/operation-1768752462058-648abc6325598-1cb250d5-d505ddee {"name":"projects/gillythekid-c6c48/locations/us-central1/operations/operation-1768752462058-648abc6325598-1cb250d5-d505ddee","metadata":{"@type":"type.googleapis.com/google.cloud.functions.v2.OperationMetadata","createTime":"2026-01-18T16:07:42.803733103Z","endTime":"2026-01-18T16:09:09.890809896Z","target":"projects/gillythekid-c6c48/locations/us-central1/functions/ai_prompt","verb":"update","cancelRequested":false,"apiVersion":"v2","requestResource":{"@type":"type.googleapis.com/google.cloud.functions.v2.Function","name":"projects/gillythekid-c6c48/locations/us-central1/functions/ai_prompt","buildConfig":{"runtime":"python310","entryPoint":"ai_prompt","source":{"storageSource":{"bucket":"gcf-v2-sources-1012835367784-us-central1","object":"ai_prompt/function-source.zip","generation":"1768752462717403"}},"environmentVariables":{"GOOGLE_NODE_RUN_SCRIPTS":""},"dockerRepository":"projects/gillythekid-c6c48/locations/us-central1/repositories/gcf-artifacts","sourceProvenance":{"resolvedStorageSource":{"bucket":"gcf-v2-sources-1012835367784-us-central1","object":"ai_prompt/function-source.zip","generation":"1768182971196724"}},"dockerRegistry":"ARTIFACT_REGISTRY","serviceAccount":"projects/gillythekid-c6c48/serviceAccounts/1012835367784-compute@developer.gserviceaccount.com","automaticUpdatePolicy":{}},"serviceConfig":{"service":"projects/gillythekid-c6c48/locations/us-central1/services/ai-prompt","timeoutSeconds":60,"environmentVariables":{"FIREBASE_CONFIG":"{\"projectId\":\"gillythekid-c6c48\",\"storageBucket\":\"gillythekid-c6c48.firebasestorage.app\"}","GCLOUD_PROJECT":"gillythekid-c6c48","EVENTARC_CLOUD_EVENT_SOURCE":"projects/gillythekid-c6c48/locations/us-central1/services/ai_prompt","FUNCTION_TARGET":"ai_prompt","LOG_EXECUTION_ID":"true"},"ingressSettings":"ALLOW_ALL","uri":"https://ai-prompt-ob3ulsycpa-uc.a.run.app","serviceAccountEmail":"1012835367784-compute@developer.gserviceaccount.com","availableMemory":"256Mi","allTrafficOnLatestRevision":true,"revision":"ai-prompt-00001-mim","maxInstanceRequestConcurrency":80,"availableCpu":"1"},"state":"ACTIVE","labels":{"deployment-tool":"cli-firebase","firebase-functions-hash":"2ea69b5288597b0ac009bcf731df3b79f9141c58"},"environment":"GEN_2","url":"https://us-central1-gillythekid-c6c48.cloudfunctions.net/ai_prompt","satisfiesPzi":true},"stages":[{"name":"BUILD","message":"Build finished","state":"COMPLETE","resource":"projects/1012835367784/locations/us-central1/builds/f2740d36-69ec-4d31-841a-da78eb6ed5c6","resourceUri":"https://console.cloud.google.com/cloud-build/builds;region=us-central1/f2740d36-69ec-4d31-841a-da78eb6ed5c6?project=1012835367784"},{"name":"SERVICE","message":"Updating Cloud Run service","state":"COMPLETE","resource":"projects/gillythekid-c6c48/locations/us-central1/services/ai-prompt","resourceUri":"https://console.cloud.google.com/run/detail/us-central1/ai-prompt?project=gillythekid-c6c48","stateMessages":[{"severity":"INFO","type":"CloudRunServiceNewRevisionTrafficInfo","message":"A new revision will be deployed serving with 100% traffic."}]}],"sourceToken":"Clhwcm9qZWN0cy8xMDEyODM1MzY3Nzg0L2xvY2F0aW9ucy91cy1jZW50cmFsMS9idWlsZHMvZjI3NDBkMzYtNjllYy00ZDMxLTg0MWEtZGE3OGViNmVkNWM2EnF1cy1jZW50cmFsMS1kb2NrZXIucGtnLmRldi9naWxseXRoZWtpZC1jNmM0OC9nY2YtYXJ0aWZhY3RzL2dpbGx5dGhla2lkLS1jNmM0OF9fdXMtLWNlbnRyYWwxX19haV9fcHJvbXB0OnZlcnNpb25fMRjo9sSNvR0iRHByb2plY3RzL2dpbGx5dGhla2lkLWM2YzQ4L2xvY2F0aW9ucy91cy1jZW50cmFsMS9mdW5jdGlvbnMvYWlfcHJvbXB0KgwIkYu0ywYQ8J+qxAEyCXB5dGhvbjMxMDp4CiRnY3IuaW8vZ2FlLXJ1bnRpbWVzL3B5dGhvbjMxMDpzdGFibGUSUHVzLWNlbnRyYWwxLWRvY2tlci5wa2cuZGV2L3NlcnZlcmxlc3MtcnVudGltZXMvZ29vZ2xlLTIyLWZ1bGwvcnVudGltZXMvcHl0aG9uMzEwQAE=","operationType":"UPDATE_FUNCTION","buildName":"projects/1012835367784/locations/us-central1/builds/f2740d36-69ec-4d31-841a-da78eb6ed5c6"},"done":true,"response":{"@type":"type.googleapis.com/google.cloud.functions.v2.Function","name":"projects/gillythekid-c6c48/locations/us-central1/functions/ai_prompt","buildConfig":{"build":"projects/1012835367784/locations/us-central1/builds/f2740d36-69ec-4d31-841a-da78eb6ed5c6","runtime":"python310","entryPoint":"ai_prompt","source":{"storageSource":{"bucket":"gcf-v2-sources-1012835367784-us-central1","object":"ai_prompt/function-source.zip","generation":"1768752462717403"}},"environmentVariables":{"GOOGLE_NODE_RUN_SCRIPTS":""},"dockerRepository":"projects/gillythekid-c6c48/locations/us-central1/repositories/gcf-artifacts","sourceProvenance":{"resolvedStorageSource":{"bucket":"gcf-v2-sources-1012835367784-us-central1","object":"ai_prompt/function-source.zip","generation":"1768752462717403"}},"dockerRegistry":"ARTIFACT_REGISTRY","serviceAccount":"projects/gillythekid-c6c48/serviceAccounts/1012835367784-compute@developer.gserviceaccount.com","automaticUpdatePolicy":{}},"serviceConfig":{"service":"projects/gillythekid-c6c48/locations/us-central1/services/ai-prompt","timeoutSeconds":60,"environmentVariables":{"FIREBASE_CONFIG":"{\"projectId\":\"gillythekid-c6c48\",\"storageBucket\":\"gillythekid-c6c48.firebasestorage.app\"}","GCLOUD_PROJECT":"gillythekid-c6c48","EVENTARC_CLOUD_EVENT_SOURCE":"projects/gillythekid-c6c48/locations/us-central1/services/ai_prompt","FUNCTION_TARGET":"ai_prompt","LOG_EXECUTION_ID":"true"},"maxInstanceCount":20,"ingressSettings":"ALLOW_ALL","uri":"https://ai-prompt-ob3ulsycpa-uc.a.run.app","serviceAccountEmail":"1012835367784-compute@developer.gserviceaccount.com","availableMemory":"256Mi","allTrafficOnLatestRevision":true,"revision":"ai-prompt-00002-muw","maxInstanceRequestConcurrency":80,"availableCpu":"1"},"state":"ACTIVE","updateTime":"2026-01-18T16:07:42.805936087Z","labels":{"deployment-tool":"cli-firebase","firebase-functions-hash":"2ea69b5288597b0ac009bcf731df3b79f9141c58"},"environment":"GEN_2","url":"https://us-central1-gillythekid-c6c48.cloudfunctions.net/ai_prompt","createTime":"2026-01-12T01:56:11.538415682Z","satisfiesPzi":true}}
[debug] [2026-01-18T16:09:10.472Z] Got source token Clhwcm9qZWN0cy8xMDEyODM1MzY3Nzg0L2xvY2F0aW9ucy91cy1jZW50cmFsMS9idWlsZHMvZjI3NDBkMzYtNjllYy00ZDMxLTg0MWEtZGE3OGViNmVkNWM2EnF1cy1jZW50cmFsMS1kb2NrZXIucGtnLmRldi9naWxseXRoZWtpZC1jNmM0OC9nY2YtYXJ0aWZhY3RzL2dpbGx5dGhla2lkLS1jNmM0OF9fdXMtLWNlbnRyYWwxX19haV9fcHJvbXB0OnZlcnNpb25fMRjo9sSNvR0iRHByb2plY3RzL2dpbGx5dGhla2lkLWM2YzQ4L2xvY2F0aW9ucy91cy1jZW50cmFsMS9mdW5jdGlvbnMvYWlfcHJvbXB0KgwIkYu0ywYQ8J+qxAEyCXB5dGhvbjMxMDp4CiRnY3IuaW8vZ2FlLXJ1bnRpbWVzL3B5dGhvbjMxMDpzdGFibGUSUHVzLWNlbnRyYWwxLWRvY2tlci5wa2cuZGV2L3NlcnZlcmxlc3MtcnVudGltZXMvZ29vZ2xlLTIyLWZ1bGwvcnVudGltZXMvcHl0aG9uMzEwQAE= for region us-central1
[info] +  functions[ai_prompt(us-central1)] Successful update operation. 
[debug] [2026-01-18T16:09:10.475Z] Total Function Deployment time: 89558
[debug] [2026-01-18T16:09:10.475Z] 1 Functions Deployed
[debug] [2026-01-18T16:09:10.475Z] 0 Functions Errored
[debug] [2026-01-18T16:09:10.475Z] 0 Function Deployments Aborted
[debug] [2026-01-18T16:09:10.475Z] Average Function Deployment time: 89558
[info] Function URL (ai_prompt(us-central1)): https://ai-prompt-ob3ulsycpa-uc.a.run.app
[debug] [2026-01-18T16:09:10.476Z] Checked if tokens are valid: true, expires at: 1768756041213
[debug] [2026-01-18T16:09:10.476Z] Checked if tokens are valid: true, expires at: 1768756041213
[debug] [2026-01-18T16:09:10.476Z] >>> [apiv2][query] GET https://artifactregistry.googleapis.com/v1/projects/gillythekid-c6c48/locations/us-central1/repositories/gcf-artifacts [none]
[debug] [2026-01-18T16:09:10.804Z] <<< [apiv2][status] GET https://artifactregistry.googleapis.com/v1/projects/gillythekid-c6c48/locations/us-central1/repositories/gcf-artifacts 200
[debug] [2026-01-18T16:09:10.804Z] <<< [apiv2][body] GET https://artifactregistry.googleapis.com/v1/projects/gillythekid-c6c48/locations/us-central1/repositories/gcf-artifacts {"name":"projects/gillythekid-c6c48/locations/us-central1/repositories/gcf-artifacts","format":"DOCKER","description":"This repository is created and used by Cloud Functions for storing function docker images.","labels":{"goog-managed-by":"cloudfunctions"},"createTime":"2026-01-12T01:56:32.632161Z","updateTime":"2026-01-18T16:08:44.421426Z","mode":"STANDARD_REPOSITORY","sizeBytes":"265766604","vulnerabilityScanningConfig":{"lastEnableTime":"2026-01-12T01:56:11.705386303Z","enablementState":"SCANNING_DISABLED","enablementStateReason":"API containerscanning.googleapis.com is not enabled."},"satisfiesPzi":true,"registryUri":"us-central1-docker.pkg.dev/gillythekid-c6c48/gcf-artifacts"}
[warn] !  functions: No cleanup policy detected for repositories in us-central1. This may result in a small monthly bill as container images accumulate over time. 
[debug] [2026-01-18T16:53:57.875Z] ----------------------------------------------------------------------
[debug] [2026-01-18T16:53:57.877Z] Command:       C:\Program Files\nodejs\node.exe C:\Users\gilbe\AppData\Roaming\npm\node_modules\firebase-tools\lib\bin\firebase.js deploy --only functions
[debug] [2026-01-18T16:53:57.877Z] CLI Version:   15.3.1
[debug] [2026-01-18T16:53:57.877Z] Platform:      win32
[debug] [2026-01-18T16:53:57.877Z] Node Version:  v25.2.1
[debug] [2026-01-18T16:53:57.878Z] Time:          Sun Jan 18 2026 11:53:57 GMT-0500 (Eastern Standard Time)
[debug] [2026-01-18T16:53:57.878Z] ----------------------------------------------------------------------
[debug] 
[debug] [2026-01-18T16:53:59.710Z] > command requires scopes: ["email","openid","https://www.googleapis.com/auth/cloudplatformprojects.readonly","https://www.googleapis.com/auth/firebase","https://www.googleapis.com/auth/cloud-platform"]
[debug] [2026-01-18T16:53:59.710Z] > authorizing via signed-in user (gillythekid911@gmail.com)
[debug] [2026-01-18T16:53:59.710Z] [iam] checking project gillythekid-c6c48 for permissions ["cloudfunctions.functions.create","cloudfunctions.functions.delete","cloudfunctions.functions.get","cloudfunctions.functions.list","cloudfunctions.functions.update","cloudfunctions.operations.get","firebase.projects.get"]
[debug] [2026-01-18T16:53:59.711Z] Checked if tokens are valid: false, expires at: 1768756041213
[debug] [2026-01-18T16:53:59.711Z] Checked if tokens are valid: false, expires at: 1768756041213
[debug] [2026-01-18T16:53:59.711Z] > refreshing access token with scopes: []
[debug] [2026-01-18T16:53:59.713Z] >>> [apiv2][query] POST https://www.googleapis.com/oauth2/v3/token [none]
[debug] [2026-01-18T16:53:59.713Z] >>> [apiv2][body] POST https://www.googleapis.com/oauth2/v3/token [omitted]
[debug] [2026-01-18T16:53:59.917Z] <<< [apiv2][status] POST https://www.googleapis.com/oauth2/v3/token 200
[debug] [2026-01-18T16:53:59.918Z] <<< [apiv2][body] POST https://www.googleapis.com/oauth2/v3/token [omitted]
[debug] [2026-01-18T16:53:59.927Z] >>> [apiv2][query] POST https://cloudresourcemanager.googleapis.com/v1/projects/gillythekid-c6c48:testIamPermissions [none]
[debug] [2026-01-18T16:53:59.927Z] >>> [apiv2][(partial)header] POST https://cloudresourcemanager.googleapis.com/v1/projects/gillythekid-c6c48:testIamPermissions x-goog-quota-user=projects/gillythekid-c6c48
[debug] [2026-01-18T16:53:59.927Z] >>> [apiv2][body] POST https://cloudresourcemanager.googleapis.com/v1/projects/gillythekid-c6c48:testIamPermissions {"permissions":["cloudfunctions.functions.create","cloudfunctions.functions.delete","cloudfunctions.functions.get","cloudfunctions.functions.list","cloudfunctions.functions.update","cloudfunctions.operations.get","firebase.projects.get"]}
[debug] [2026-01-18T16:54:00.099Z] <<< [apiv2][status] POST https://cloudresourcemanager.googleapis.com/v1/projects/gillythekid-c6c48:testIamPermissions 200
[debug] [2026-01-18T16:54:00.100Z] <<< [apiv2][body] POST https://cloudresourcemanager.googleapis.com/v1/projects/gillythekid-c6c48:testIamPermissions {"permissions":["cloudfunctions.functions.create","cloudfunctions.functions.delete","cloudfunctions.functions.get","cloudfunctions.functions.list","cloudfunctions.functions.update","cloudfunctions.operations.get","firebase.projects.get"]}
[debug] [2026-01-18T16:54:00.100Z] Checked if tokens are valid: true, expires at: 1768758838918
[debug] [2026-01-18T16:54:00.100Z] Checked if tokens are valid: true, expires at: 1768758838918
[debug] [2026-01-18T16:54:00.100Z] >>> [apiv2][query] POST https://iam.googleapis.com/v1/projects/gillythekid-c6c48/serviceAccounts/gillythekid-c6c48@appspot.gserviceaccount.com:testIamPermissions [none]
[debug] [2026-01-18T16:54:00.100Z] >>> [apiv2][body] POST https://iam.googleapis.com/v1/projects/gillythekid-c6c48/serviceAccounts/gillythekid-c6c48@appspot.gserviceaccount.com:testIamPermissions {"permissions":["iam.serviceAccounts.actAs"]}
[debug] [2026-01-18T16:54:00.328Z] <<< [apiv2][status] POST https://iam.googleapis.com/v1/projects/gillythekid-c6c48/serviceAccounts/gillythekid-c6c48@appspot.gserviceaccount.com:testIamPermissions 200
[debug] [2026-01-18T16:54:00.328Z] <<< [apiv2][body] POST https://iam.googleapis.com/v1/projects/gillythekid-c6c48/serviceAccounts/gillythekid-c6c48@appspot.gserviceaccount.com:testIamPermissions {"permissions":["iam.serviceAccounts.actAs"]}
[info] 
[info] === Deploying to 'gillythekid-c6c48'...
[info] 
[info] i  deploying functions 
[debug] [2026-01-18T16:54:00.331Z] Checked if tokens are valid: true, expires at: 1768758838918
[debug] [2026-01-18T16:54:00.331Z] Checked if tokens are valid: true, expires at: 1768758838918
[debug] [2026-01-18T16:54:00.331Z] >>> [apiv2][query] GET https://cloudresourcemanager.googleapis.com/v1/projects/gillythekid-c6c48 [none]
[debug] [2026-01-18T16:54:00.511Z] <<< [apiv2][status] GET https://cloudresourcemanager.googleapis.com/v1/projects/gillythekid-c6c48 200
[debug] [2026-01-18T16:54:00.511Z] <<< [apiv2][body] GET https://cloudresourcemanager.googleapis.com/v1/projects/gillythekid-c6c48 {"projectNumber":"1012835367784","projectId":"gillythekid-c6c48","lifecycleState":"ACTIVE","name":"gillythekid","labels":{"firebase":"enabled","firebase-core":"disabled"},"createTime":"2025-12-01T19:16:53.201769Z"}
[info] i  functions: preparing codebase default for deployment 
[info] i  functions: ensuring required API cloudfunctions.googleapis.com is enabled... 
[info] i  functions: ensuring required API cloudbuild.googleapis.com is enabled... 
[info] i  artifactregistry: ensuring required API artifactregistry.googleapis.com is enabled... 
[debug] [2026-01-18T16:54:00.514Z] Checked if tokens are valid: true, expires at: 1768758838918
[debug] [2026-01-18T16:54:00.514Z] Checked if tokens are valid: true, expires at: 1768758838918
[debug] [2026-01-18T16:54:00.515Z] >>> [apiv2][query] GET https://firebase.googleapis.com/v1beta1/projects/gillythekid-c6c48/adminSdkConfig [none]
[debug] [2026-01-18T16:54:00.922Z] <<< [apiv2][status] GET https://firebase.googleapis.com/v1beta1/projects/gillythekid-c6c48/adminSdkConfig 200
[debug] [2026-01-18T16:54:00.922Z] <<< [apiv2][body] GET https://firebase.googleapis.com/v1beta1/projects/gillythekid-c6c48/adminSdkConfig {"projectId":"gillythekid-c6c48","storageBucket":"gillythekid-c6c48.firebasestorage.app"}
[debug] [2026-01-18T16:54:00.923Z] Checked if tokens are valid: true, expires at: 1768758838918
[debug] [2026-01-18T16:54:00.923Z] Checked if tokens are valid: true, expires at: 1768758838918
[debug] [2026-01-18T16:54:00.923Z] >>> [apiv2][query] GET https://runtimeconfig.googleapis.com/v1beta1/projects/gillythekid-c6c48/configs [none]
[debug] [2026-01-18T16:54:01.176Z] <<< [apiv2][status] GET https://runtimeconfig.googleapis.com/v1beta1/projects/gillythekid-c6c48/configs 200
[debug] [2026-01-18T16:54:01.176Z] <<< [apiv2][body] GET https://runtimeconfig.googleapis.com/v1beta1/projects/gillythekid-c6c48/configs {"configs":[{"name":"projects/gillythekid-c6c48/configs/gemini"},{"name":"projects/gillythekid-c6c48/configs/googleai"}]}
[debug] [2026-01-18T16:54:01.177Z] Checked if tokens are valid: true, expires at: 1768758838918
[debug] [2026-01-18T16:54:01.177Z] Checked if tokens are valid: true, expires at: 1768758838918
[debug] [2026-01-18T16:54:01.177Z] Checked if tokens are valid: true, expires at: 1768758838918
[debug] [2026-01-18T16:54:01.177Z] Checked if tokens are valid: true, expires at: 1768758838918
[debug] [2026-01-18T16:54:01.177Z] >>> [apiv2][query] GET https://runtimeconfig.googleapis.com/v1beta1/projects/gillythekid-c6c48/configs/gemini/variables [none]
[debug] [2026-01-18T16:54:01.177Z] >>> [apiv2][query] GET https://runtimeconfig.googleapis.com/v1beta1/projects/gillythekid-c6c48/configs/googleai/variables [none]
[debug] [2026-01-18T16:54:01.377Z] <<< [apiv2][status] GET https://runtimeconfig.googleapis.com/v1beta1/projects/gillythekid-c6c48/configs/gemini/variables 200
[debug] [2026-01-18T16:54:01.377Z] <<< [apiv2][body] GET https://runtimeconfig.googleapis.com/v1beta1/projects/gillythekid-c6c48/configs/gemini/variables {"variables":[{"name":"projects/gillythekid-c6c48/configs/gemini/variables/key","updateTime":"2025-12-22T19:22:18.927098482Z"}]}
[debug] [2026-01-18T16:54:01.377Z] Checked if tokens are valid: true, expires at: 1768758838918
[debug] [2026-01-18T16:54:01.377Z] Checked if tokens are valid: true, expires at: 1768758838918
[debug] [2026-01-18T16:54:01.377Z] >>> [apiv2][query] GET https://runtimeconfig.googleapis.com/v1beta1/projects/gillythekid-c6c48/configs/gemini/variables/key [none]
[debug] [2026-01-18T16:54:01.515Z] <<< [apiv2][status] GET https://runtimeconfig.googleapis.com/v1beta1/projects/gillythekid-c6c48/configs/googleai/variables 200
[debug] [2026-01-18T16:54:01.515Z] <<< [apiv2][body] GET https://runtimeconfig.googleapis.com/v1beta1/projects/gillythekid-c6c48/configs/googleai/variables {"variables":[{"name":"projects/gillythekid-c6c48/configs/googleai/variables/key","updateTime":"2025-12-17T16:45:04.583315851Z"}]}
[debug] [2026-01-18T16:54:01.515Z] Checked if tokens are valid: true, expires at: 1768758838918
[debug] [2026-01-18T16:54:01.515Z] Checked if tokens are valid: true, expires at: 1768758838918
[debug] [2026-01-18T16:54:01.515Z] >>> [apiv2][query] GET https://runtimeconfig.googleapis.com/v1beta1/projects/gillythekid-c6c48/configs/googleai/variables/key [none]
[debug] [2026-01-18T16:54:01.659Z] <<< [apiv2][status] GET https://runtimeconfig.googleapis.com/v1beta1/projects/gillythekid-c6c48/configs/gemini/variables/key 200
[debug] [2026-01-18T16:54:01.659Z] <<< [apiv2][body] GET https://runtimeconfig.googleapis.com/v1beta1/projects/gillythekid-c6c48/configs/gemini/variables/key {"name":"projects/gillythekid-c6c48/configs/gemini/variables/key","updateTime":"2025-12-22T19:22:18.927098482Z","text":"YOUR_REAL_GEMINI_API_KEY"}
[debug] [2026-01-18T16:54:01.755Z] <<< [apiv2][status] GET https://runtimeconfig.googleapis.com/v1beta1/projects/gillythekid-c6c48/configs/googleai/variables/key 200
[debug] [2026-01-18T16:54:01.755Z] <<< [apiv2][body] GET https://runtimeconfig.googleapis.com/v1beta1/projects/gillythekid-c6c48/configs/googleai/variables/key {"name":"projects/gillythekid-c6c48/configs/googleai/variables/key","updateTime":"2025-12-17T16:45:04.583315851Z","text":"YOUR_API_KEY_HERE"}
[debug] [2026-01-18T16:54:01.756Z] Customer code is not Node
[debug] [2026-01-18T16:54:01.756Z] Validating python source
[debug] [2026-01-18T16:54:01.757Z] Building python source
[info] i  functions: Loading and analyzing source code for codebase default to determine what to deploy 
[debug] [2026-01-18T16:54:01.757Z] Could not find functions.yaml. Must use http discovery
[debug] [2026-01-18T16:54:01.764Z] Running command with virtualenv: command="C:\Users\gilbe\OneDrive\Documents\gillythekid\functions\venv\Scripts\activate.bat", args=["","&&","python.exe","-c","\"import firebase_functions; import os; print(os.path.dirname(firebase_functions.__file__))\""]
[debug] [2026-01-18T16:54:01.899Z] stdout: C:\Users\gilbe\OneDrive\Documents\gillythekid\functions\venv\Lib\site-packages\firebase_functions

[debug] [2026-01-18T16:54:01.907Z] Running admin server with args: ["python.exe","\"C:\\Users\\gilbe\\OneDrive\\Documents\\gillythekid\\functions\\venv\\Lib\\site-packages\\firebase_functions\\private\\serving.py\""] and env: {"FIREBASE_CONFIG":"{\"projectId\":\"gillythekid-c6c48\",\"storageBucket\":\"gillythekid-c6c48.firebasestorage.app\"}","GCLOUD_PROJECT":"gillythekid-c6c48","GOOGLE_CLOUD_QUOTA_PROJECT":"gillythekid-c6c48","ADMIN_PORT":"8081"} in C:\Users\gilbe\OneDrive\Documents\gillythekid\functions
[debug] [2026-01-18T16:54:01.907Z] Running command with virtualenv: command="C:\Users\gilbe\OneDrive\Documents\gillythekid\functions\venv\Scripts\activate.bat", args=["","&&","python.exe","\"C:\\Users\\gilbe\\OneDrive\\Documents\\gillythekid\\functions\\venv\\Lib\\site-packages\\firebase_functions\\private\\serving.py\""]
[info]  * Serving Flask app 'serving'
 * Debug mode: off

[error] WARNING: This is a development server. Do not use it in a production deployment. Use a production WSGI server instead.
 * Running on http://127.0.0.1:8081

[error] Press CTRL+C to quit

[error] 127.0.0.1 - - [18/Jan/2026 11:54:02] "GET /__/functions.yaml HTTP/1.1" 200 -

[debug] [2026-01-18T16:54:02.959Z] Got response from /__/functions.yaml endpoints:
  ai_prompt:
    availableMemoryMb: null
    concurrency: null
    entryPoint: ai_prompt
    httpsTrigger: {}
    ingressSettings: null
    labels: {}
    maxInstances: null
    minInstances: null
    platform: gcfv2
    secretEnvironmentVariables: []
    serviceAccountEmail: null
    timeoutSeconds: null
params: []
requiredAPIs: []
specVersion: v1alpha1

[error] 127.0.0.1 - - [18/Jan/2026 11:54:02] "GET /__/quitquitquit HTTP/1.1" 200 -

[info] i  functions: preparing functions directory for uploading... 
[info] i  functions: packaged C:\Users\gilbe\OneDrive\Documents\gillythekid\functions (30.21 MB) for uploading 
[debug] [2026-01-18T16:54:09.043Z] Checked if tokens are valid: true, expires at: 1768758838918
[debug] [2026-01-18T16:54:09.043Z] Checked if tokens are valid: true, expires at: 1768758838918
[debug] [2026-01-18T16:54:09.043Z] >>> [apiv2][query] GET https://cloudfunctions.googleapis.com/v1/projects/gillythekid-c6c48/locations/-/functions [none]
[debug] [2026-01-18T16:54:09.656Z] <<< [apiv2][status] GET https://cloudfunctions.googleapis.com/v1/projects/gillythekid-c6c48/locations/-/functions 200
[debug] [2026-01-18T16:54:09.656Z] <<< [apiv2][body] GET https://cloudfunctions.googleapis.com/v1/projects/gillythekid-c6c48/locations/-/functions {}
[debug] [2026-01-18T16:54:09.656Z] Checked if tokens are valid: true, expires at: 1768758838918
[debug] [2026-01-18T16:54:09.657Z] Checked if tokens are valid: true, expires at: 1768758838918
[debug] [2026-01-18T16:54:09.657Z] >>> [apiv2][query] GET https://cloudfunctions.googleapis.com/v2/projects/gillythekid-c6c48/locations/-/functions filter=environment%3D%22GEN_2%22
[debug] [2026-01-18T16:54:10.089Z] <<< [apiv2][status] GET https://cloudfunctions.googleapis.com/v2/projects/gillythekid-c6c48/locations/-/functions 200
[debug] [2026-01-18T16:54:10.089Z] <<< [apiv2][body] GET https://cloudfunctions.googleapis.com/v2/projects/gillythekid-c6c48/locations/-/functions {"functions":[{"name":"projects/gillythekid-c6c48/locations/us-central1/functions/ai_prompt","buildConfig":{"build":"projects/1012835367784/locations/us-central1/builds/f2740d36-69ec-4d31-841a-da78eb6ed5c6","runtime":"python310","entryPoint":"ai_prompt","source":{"storageSource":{"bucket":"gcf-v2-sources-1012835367784-us-central1","object":"ai_prompt/function-source.zip","generation":"1768752462717403"}},"environmentVariables":{"GOOGLE_NODE_RUN_SCRIPTS":""},"dockerRepository":"projects/gillythekid-c6c48/locations/us-central1/repositories/gcf-artifacts","sourceProvenance":{"resolvedStorageSource":{"bucket":"gcf-v2-sources-1012835367784-us-central1","object":"ai_prompt/function-source.zip","generation":"1768752462717403"}},"dockerRegistry":"ARTIFACT_REGISTRY","serviceAccount":"projects/gillythekid-c6c48/serviceAccounts/1012835367784-compute@developer.gserviceaccount.com","automaticUpdatePolicy":{}},"serviceConfig":{"service":"projects/gillythekid-c6c48/locations/us-central1/services/ai-prompt","timeoutSeconds":60,"environmentVariables":{"FIREBASE_CONFIG":"{\"projectId\":\"gillythekid-c6c48\",\"storageBucket\":\"gillythekid-c6c48.firebasestorage.app\"}","GCLOUD_PROJECT":"gillythekid-c6c48","EVENTARC_CLOUD_EVENT_SOURCE":"projects/gillythekid-c6c48/locations/us-central1/services/ai_prompt","FUNCTION_TARGET":"ai_prompt","LOG_EXECUTION_ID":"true"},"maxInstanceCount":20,"ingressSettings":"ALLOW_ALL","uri":"https://ai-prompt-ob3ulsycpa-uc.a.run.app","serviceAccountEmail":"1012835367784-compute@developer.gserviceaccount.com","availableMemory":"256Mi","allTrafficOnLatestRevision":true,"revision":"ai-prompt-00002-muw","maxInstanceRequestConcurrency":80,"availableCpu":"1"},"state":"ACTIVE","updateTime":"2026-01-18T16:09:10.034089402Z","labels":{"firebase-functions-hash":"2ea69b5288597b0ac009bcf731df3b79f9141c58","deployment-tool":"cli-firebase"},"environment":"GEN_2","url":"https://us-central1-gillythekid-c6c48.cloudfunctions.net/ai_prompt","createTime":"2026-01-12T01:56:11.538415682Z","satisfiesPzi":true}]}
[info] i  functions: ensuring required API run.googleapis.com is enabled... 
[info] i  functions: ensuring required API eventarc.googleapis.com is enabled... 
[info] i  functions: ensuring required API pubsub.googleapis.com is enabled... 
[info] i  functions: ensuring required API storage.googleapis.com is enabled... 
[info] i  functions: generating the service identity for pubsub.googleapis.com... 
[debug] [2026-01-18T16:54:10.093Z] Checked if tokens are valid: true, expires at: 1768758838918
[debug] [2026-01-18T16:54:10.093Z] Checked if tokens are valid: true, expires at: 1768758838918
[info] i  functions: generating the service identity for eventarc.googleapis.com... 
[debug] [2026-01-18T16:54:10.093Z] Checked if tokens are valid: true, expires at: 1768758838918
[debug] [2026-01-18T16:54:10.093Z] Checked if tokens are valid: true, expires at: 1768758838918
[debug] [2026-01-18T16:54:10.094Z] >>> [apiv2][query] POST https://serviceusage.googleapis.com/v1beta1/projects/1012835367784/services/pubsub.googleapis.com:generateServiceIdentity [none]
[debug] [2026-01-18T16:54:10.094Z] >>> [apiv2][(partial)header] POST https://serviceusage.googleapis.com/v1beta1/projects/1012835367784/services/pubsub.googleapis.com:generateServiceIdentity x-goog-quota-user=projects/1012835367784
[debug] [2026-01-18T16:54:10.094Z] >>> [apiv2][body] POST https://serviceusage.googleapis.com/v1beta1/projects/1012835367784/services/pubsub.googleapis.com:generateServiceIdentity {}
[debug] [2026-01-18T16:54:10.095Z] >>> [apiv2][query] POST https://serviceusage.googleapis.com/v1beta1/projects/1012835367784/services/eventarc.googleapis.com:generateServiceIdentity [none]
[debug] [2026-01-18T16:54:10.095Z] >>> [apiv2][(partial)header] POST https://serviceusage.googleapis.com/v1beta1/projects/1012835367784/services/eventarc.googleapis.com:generateServiceIdentity x-goog-quota-user=projects/1012835367784
[debug] [2026-01-18T16:54:10.095Z] >>> [apiv2][body] POST https://serviceusage.googleapis.com/v1beta1/projects/1012835367784/services/eventarc.googleapis.com:generateServiceIdentity {}
[debug] [2026-01-18T16:54:10.540Z] <<< [apiv2][status] POST https://serviceusage.googleapis.com/v1beta1/projects/1012835367784/services/eventarc.googleapis.com:generateServiceIdentity 200
[debug] [2026-01-18T16:54:10.540Z] <<< [apiv2][body] POST https://serviceusage.googleapis.com/v1beta1/projects/1012835367784/services/eventarc.googleapis.com:generateServiceIdentity {"name":"operations/finished.DONE_OPERATION","done":true,"response":{"@type":"type.googleapis.com/google.api.serviceusage.v1beta1.ServiceIdentity","email":"service-1012835367784@gcp-sa-eventarc.iam.gserviceaccount.com","uniqueId":"106954098327316599967"}}
[debug] [2026-01-18T16:54:10.607Z] <<< [apiv2][status] POST https://serviceusage.googleapis.com/v1beta1/projects/1012835367784/services/pubsub.googleapis.com:generateServiceIdentity 200
[debug] [2026-01-18T16:54:10.607Z] <<< [apiv2][body] POST https://serviceusage.googleapis.com/v1beta1/projects/1012835367784/services/pubsub.googleapis.com:generateServiceIdentity {"name":"operations/finished.DONE_OPERATION","done":true,"response":{"@type":"type.googleapis.com/google.api.serviceusage.v1beta1.ServiceIdentity","email":"service-1012835367784@gcp-sa-pubsub.iam.gserviceaccount.com","uniqueId":"112079132768235941497"}}
[debug] [2026-01-18T16:54:10.608Z] Checked if tokens are valid: true, expires at: 1768758838918
[debug] [2026-01-18T16:54:10.609Z] Checked if tokens are valid: true, expires at: 1768758838918
[debug] [2026-01-18T16:54:10.609Z] >>> [apiv2][query] GET https://cloudresourcemanager.googleapis.com/v1/projects/gillythekid-c6c48 [none]
[debug] [2026-01-18T16:54:10.854Z] <<< [apiv2][status] GET https://cloudresourcemanager.googleapis.com/v1/projects/gillythekid-c6c48 200
[debug] [2026-01-18T16:54:10.854Z] <<< [apiv2][body] GET https://cloudresourcemanager.googleapis.com/v1/projects/gillythekid-c6c48 {"projectNumber":"1012835367784","projectId":"gillythekid-c6c48","lifecycleState":"ACTIVE","name":"gillythekid","labels":{"firebase":"enabled","firebase-core":"disabled"},"createTime":"2025-12-01T19:16:53.201769Z"}
[debug] [2026-01-18T16:54:10.855Z] Checked if tokens are valid: true, expires at: 1768758838918
[debug] [2026-01-18T16:54:10.855Z] Checked if tokens are valid: true, expires at: 1768758838918
[debug] [2026-01-18T16:54:10.855Z] >>> [apiv2][query] GET https://compute.googleapis.com/compute/v1/projects/1012835367784 [none]
[debug] [2026-01-18T16:54:11.022Z] <<< [apiv2][status] GET https://compute.googleapis.com/compute/v1/projects/1012835367784 403
[debug] [2026-01-18T16:54:11.022Z] <<< [apiv2][body] GET https://compute.googleapis.com/compute/v1/projects/1012835367784 {"error":{"code":403,"message":"Compute Engine API has not been used in project 1012835367784 before or it is disabled. Enable it by visiting https://console.developers.google.com/apis/api/compute.googleapis.com/overview?project=1012835367784 then retry. If you enabled this API recently, wait a few minutes for the action to propagate to our systems and retry.","errors":[{"message":"Compute Engine API has not been used in project 1012835367784 before or it is disabled. Enable it by visiting https://console.developers.google.com/apis/api/compute.googleapis.com/overview?project=1012835367784 then retry. If you enabled this API recently, wait a few minutes for the action to propagate to our systems and retry.","domain":"usageLimits","reason":"accessNotConfigured","extendedHelp":"https://console.developers.google.com"}],"status":"PERMISSION_DENIED","details":[{"@type":"type.googleapis.com/google.rpc.ErrorInfo","reason":"SERVICE_DISABLED","domain":"googleapis.com","metadata":{"service":"compute.googleapis.com","consumer":"projects/1012835367784","activationUrl":"https://console.developers.google.com/apis/api/compute.googleapis.com/overview?project=1012835367784","serviceTitle":"Compute Engine API","containerInfo":"1012835367784"}},{"@type":"type.googleapis.com/google.rpc.LocalizedMessage","locale":"en-US","message":"Compute Engine API has not been used in project 1012835367784 before or it is disabled. Enable it by visiting https://console.developers.google.com/apis/api/compute.googleapis.com/overview?project=1012835367784 then retry. If you enabled this API recently, wait a few minutes for the action to propagate to our systems and retry."},{"@type":"type.googleapis.com/google.rpc.Help","links":[{"description":"Google developers console API activation","url":"https://console.developers.google.com/apis/api/compute.googleapis.com/overview?project=1012835367784"}]}]}}
[debug] [2026-01-18T16:54:11.023Z] unable to look up default compute service account. Falling back to 1012835367784-compute@developer.gserviceaccount.com. Error: {"name":"FirebaseError","children":[],"context":{"body":{"error":{"code":403,"message":"Compute Engine API has not been used in project 1012835367784 before or it is disabled. Enable it by visiting https://console.developers.google.com/apis/api/compute.googleapis.com/overview?project=1012835367784 then retry. If you enabled this API recently, wait a few minutes for the action to propagate to our systems and retry.","errors":[{"message":"Compute Engine API has not been used in project 1012835367784 before or it is disabled. Enable it by visiting https://console.developers.google.com/apis/api/compute.googleapis.com/overview?project=1012835367784 then retry. If you enabled this API recently, wait a few minutes for the action to propagate to our systems and retry.","domain":"usageLimits","reason":"accessNotConfigured","extendedHelp":"https://console.developers.google.com"}],"status":"PERMISSION_DENIED","details":[{"@type":"type.googleapis.com/google.rpc.ErrorInfo","reason":"SERVICE_DISABLED","domain":"googleapis.com","metadata":{"service":"compute.googleapis.com","consumer":"projects/1012835367784","activationUrl":"https://console.developers.google.com/apis/api/compute.googleapis.com/overview?project=1012835367784","serviceTitle":"Compute Engine API","containerInfo":"1012835367784"}},{"@type":"type.googleapis.com/google.rpc.LocalizedMessage","locale":"en-US","message":"Compute Engine API has not been used in project 1012835367784 before or it is disabled. Enable it by visiting https://console.developers.google.com/apis/api/compute.googleapis.com/overview?project=1012835367784 then retry. If you enabled this API recently, wait a few minutes for the action to propagate to our systems and retry."},{"@type":"type.googleapis.com/google.rpc.Help","links":[{"description":"Google developers console API activation","url":"https://console.developers.google.com/apis/api/compute.googleapis.com/overview?project=1012835367784"}]}]}},"response":{"statusCode":403}},"exit":1,"message":"Request to https://compute.googleapis.com/compute/v1/projects/1012835367784 had HTTP Error: 403, Compute Engine API has not been used in project 1012835367784 before or it is disabled. Enable it by visiting https://console.developers.google.com/apis/api/compute.googleapis.com/overview?project=1012835367784 then retry. If you enabled this API recently, wait a few minutes for the action to propagate to our systems and retry.","status":403}
[info] i  functions: Skipping the deploy of unchanged functions. 
[info] +  functions[ai_prompt(us-central1)] Skipped (No changes detected) 
[debug] [2026-01-18T16:54:11.026Z] Total Function Deployment time: 0
[debug] [2026-01-18T16:54:11.026Z] 0 Functions Deployed
[debug] [2026-01-18T16:54:11.026Z] 0 Functions Errored
[debug] [2026-01-18T16:54:11.026Z] 0 Function Deployments Aborted
[debug] [2026-01-18T16:54:11.026Z] Average Function Deployment time: NaN
[debug] [2026-01-18T16:54:11.026Z] Not printing URL for HTTPS function. Typically this means it didn't match a filter or we failed deployment
[debug] [2026-01-18T16:54:11.027Z] Checked if tokens are valid: true, expires at: 1768758838918
[debug] [2026-01-18T16:54:11.027Z] Checked if tokens are valid: true, expires at: 1768758838918
[debug] [2026-01-18T16:54:11.027Z] >>> [apiv2][query] GET https://artifactregistry.googleapis.com/v1/projects/gillythekid-c6c48/locations/us-central1/repositories/gcf-artifacts [none]
[debug] [2026-01-18T16:54:11.355Z] <<< [apiv2][status] GET https://artifactregistry.googleapis.com/v1/projects/gillythekid-c6c48/locations/us-central1/repositories/gcf-artifacts 200
[debug] [2026-01-18T16:54:11.355Z] <<< [apiv2][body] GET https://artifactregistry.googleapis.com/v1/projects/gillythekid-c6c48/locations/us-central1/repositories/gcf-artifacts {"name":"projects/gillythekid-c6c48/locations/us-central1/repositories/gcf-artifacts","format":"DOCKER","description":"This repository is created and used by Cloud Functions for storing function docker images.","labels":{"goog-managed-by":"cloudfunctions"},"createTime":"2026-01-12T01:56:32.632161Z","updateTime":"2026-01-18T16:08:44.421426Z","mode":"STANDARD_REPOSITORY","sizeBytes":"265766604","vulnerabilityScanningConfig":{"lastEnableTime":"2026-01-12T01:56:11.705386303Z","enablementState":"SCANNING_DISABLED","enablementStateReason":"API containerscanning.googleapis.com is not enabled."},"satisfiesPzi":true,"registryUri":"us-central1-docker.pkg.dev/gillythekid-c6c48/gcf-artifacts"}
[warn] !  functions: No cleanup policy detected for repositories in us-central1. This may result in a small monthly bill as container images accumulate over time. 
