[debug] [2026-01-18T03:14:33.644Z] ----------------------------------------------------------------------
[debug] [2026-01-18T03:14:33.646Z] Command:       C:\Program Files\nodejs\node.exe C:\Users\gilbe\AppData\Roaming\npm\node_modules\firebase-tools\lib\bin\firebase.js deploy --only functions
[debug] [2026-01-18T03:14:33.647Z] CLI Version:   15.2.1
[debug] [2026-01-18T03:14:33.647Z] Platform:      win32
[debug] [2026-01-18T03:14:33.647Z] Node Version:  v25.2.1
[debug] [2026-01-18T03:14:33.647Z] Time:          Sat Jan 17 2026 22:14:33 GMT-0500 (Eastern Standard Time)
[debug] [2026-01-18T03:14:33.647Z] ----------------------------------------------------------------------
[debug] 
[debug] [2026-01-18T03:14:33.648Z] >>> [apiv2][query] GET https://firebase-public.firebaseio.com/cli.json [none]
[debug] [2026-01-18T03:14:36.102Z] > command requires scopes: ["email","openid","https://www.googleapis.com/auth/cloudplatformprojects.readonly","https://www.googleapis.com/auth/firebase","https://www.googleapis.com/auth/cloud-platform"]
[debug] [2026-01-18T03:14:36.102Z] > authorizing via signed-in user (gillythekid911@gmail.com)
[debug] [2026-01-18T03:14:36.102Z] [iam] checking project gillythekid-c6c48 for permissions ["cloudfunctions.functions.create","cloudfunctions.functions.delete","cloudfunctions.functions.get","cloudfunctions.functions.list","cloudfunctions.functions.update","cloudfunctions.operations.get","firebase.projects.get"]
[debug] [2026-01-18T03:14:36.103Z] Checked if tokens are valid: false, expires at: 1768445066143
[debug] [2026-01-18T03:14:36.103Z] Checked if tokens are valid: false, expires at: 1768445066143
[debug] [2026-01-18T03:14:36.103Z] > refreshing access token with scopes: []
[debug] [2026-01-18T03:14:36.104Z] >>> [apiv2][query] POST https://www.googleapis.com/oauth2/v3/token [none]
[debug] [2026-01-18T03:14:36.104Z] >>> [apiv2][body] POST https://www.googleapis.com/oauth2/v3/token [omitted]
[debug] [2026-01-18T03:14:36.240Z] <<< [apiv2][status] GET https://firebase-public.firebaseio.com/cli.json 200
[debug] [2026-01-18T03:14:36.240Z] <<< [apiv2][body] GET https://firebase-public.firebaseio.com/cli.json {"cloudBuildErrorAfter":1594252800000,"cloudBuildWarnAfter":1590019200000,"defaultNode10After":1594252800000,"minVersion":"3.0.5","node8DeploysDisabledAfter":1613390400000,"node8RuntimeDisabledAfter":1615809600000,"node8WarnAfter":1600128000000}
[debug] [2026-01-18T03:14:36.284Z] <<< [apiv2][status] POST https://www.googleapis.com/oauth2/v3/token 200
[debug] [2026-01-18T03:14:36.285Z] <<< [apiv2][body] POST https://www.googleapis.com/oauth2/v3/token [omitted]
[debug] [2026-01-18T03:14:36.290Z] >>> [apiv2][query] POST https://cloudresourcemanager.googleapis.com/v1/projects/gillythekid-c6c48:testIamPermissions [none]
[debug] [2026-01-18T03:14:36.290Z] >>> [apiv2][(partial)header] POST https://cloudresourcemanager.googleapis.com/v1/projects/gillythekid-c6c48:testIamPermissions x-goog-quota-user=projects/gillythekid-c6c48
[debug] [2026-01-18T03:14:36.290Z] >>> [apiv2][body] POST https://cloudresourcemanager.googleapis.com/v1/projects/gillythekid-c6c48:testIamPermissions {"permissions":["cloudfunctions.functions.create","cloudfunctions.functions.delete","cloudfunctions.functions.get","cloudfunctions.functions.list","cloudfunctions.functions.update","cloudfunctions.operations.get","firebase.projects.get"]}
[debug] [2026-01-18T03:14:36.433Z] <<< [apiv2][status] POST https://cloudresourcemanager.googleapis.com/v1/projects/gillythekid-c6c48:testIamPermissions 200
[debug] [2026-01-18T03:14:36.434Z] <<< [apiv2][body] POST https://cloudresourcemanager.googleapis.com/v1/projects/gillythekid-c6c48:testIamPermissions {"permissions":["cloudfunctions.functions.create","cloudfunctions.functions.delete","cloudfunctions.functions.get","cloudfunctions.functions.list","cloudfunctions.functions.update","cloudfunctions.operations.get","firebase.projects.get"]}
[debug] [2026-01-18T03:14:36.434Z] Checked if tokens are valid: true, expires at: 1768709675285
[debug] [2026-01-18T03:14:36.434Z] Checked if tokens are valid: true, expires at: 1768709675285
[debug] [2026-01-18T03:14:36.434Z] >>> [apiv2][query] POST https://iam.googleapis.com/v1/projects/gillythekid-c6c48/serviceAccounts/gillythekid-c6c48@appspot.gserviceaccount.com:testIamPermissions [none]
[debug] [2026-01-18T03:14:36.434Z] >>> [apiv2][body] POST https://iam.googleapis.com/v1/projects/gillythekid-c6c48/serviceAccounts/gillythekid-c6c48@appspot.gserviceaccount.com:testIamPermissions {"permissions":["iam.serviceAccounts.actAs"]}
[debug] [2026-01-18T03:14:36.680Z] <<< [apiv2][status] POST https://iam.googleapis.com/v1/projects/gillythekid-c6c48/serviceAccounts/gillythekid-c6c48@appspot.gserviceaccount.com:testIamPermissions 200
[debug] [2026-01-18T03:14:36.680Z] <<< [apiv2][body] POST https://iam.googleapis.com/v1/projects/gillythekid-c6c48/serviceAccounts/gillythekid-c6c48@appspot.gserviceaccount.com:testIamPermissions {"permissions":["iam.serviceAccounts.actAs"]}
[info] 
[info] === Deploying to 'gillythekid-c6c48'...
[info] 
[info] i  deploying functions 
[debug] [2026-01-18T03:14:36.683Z] Checked if tokens are valid: true, expires at: 1768709675285
[debug] [2026-01-18T03:14:36.683Z] Checked if tokens are valid: true, expires at: 1768709675285
[debug] [2026-01-18T03:14:36.683Z] >>> [apiv2][query] GET https://cloudresourcemanager.googleapis.com/v1/projects/gillythekid-c6c48 [none]
[debug] [2026-01-18T03:14:36.852Z] <<< [apiv2][status] GET https://cloudresourcemanager.googleapis.com/v1/projects/gillythekid-c6c48 200
[debug] [2026-01-18T03:14:36.852Z] <<< [apiv2][body] GET https://cloudresourcemanager.googleapis.com/v1/projects/gillythekid-c6c48 {"projectNumber":"1012835367784","projectId":"gillythekid-c6c48","lifecycleState":"ACTIVE","name":"gillythekid","labels":{"firebase":"enabled","firebase-core":"disabled"},"createTime":"2025-12-01T19:16:53.201769Z"}
[info] i  functions: preparing codebase default for deployment 
[info] i  functions: ensuring required API cloudfunctions.googleapis.com is enabled... 
[info] i  functions: ensuring required API cloudbuild.googleapis.com is enabled... 
[info] i  artifactregistry: ensuring required API artifactregistry.googleapis.com is enabled... 
[debug] [2026-01-18T03:14:36.856Z] Checked if tokens are valid: true, expires at: 1768709675285
[debug] [2026-01-18T03:14:36.856Z] Checked if tokens are valid: true, expires at: 1768709675285
[debug] [2026-01-18T03:14:36.856Z] >>> [apiv2][query] GET https://firebase.googleapis.com/v1beta1/projects/gillythekid-c6c48/adminSdkConfig [none]
[debug] [2026-01-18T03:14:37.125Z] <<< [apiv2][status] GET https://firebase.googleapis.com/v1beta1/projects/gillythekid-c6c48/adminSdkConfig 200
[debug] [2026-01-18T03:14:37.125Z] <<< [apiv2][body] GET https://firebase.googleapis.com/v1beta1/projects/gillythekid-c6c48/adminSdkConfig {"projectId":"gillythekid-c6c48","storageBucket":"gillythekid-c6c48.firebasestorage.app"}
[debug] [2026-01-18T03:14:37.126Z] Checked if tokens are valid: true, expires at: 1768709675285
[debug] [2026-01-18T03:14:37.126Z] Checked if tokens are valid: true, expires at: 1768709675285
[debug] [2026-01-18T03:14:37.126Z] >>> [apiv2][query] GET https://runtimeconfig.googleapis.com/v1beta1/projects/gillythekid-c6c48/configs [none]
[debug] [2026-01-18T03:14:37.473Z] <<< [apiv2][status] GET https://runtimeconfig.googleapis.com/v1beta1/projects/gillythekid-c6c48/configs 200
[debug] [2026-01-18T03:14:37.473Z] <<< [apiv2][body] GET https://runtimeconfig.googleapis.com/v1beta1/projects/gillythekid-c6c48/configs {"configs":[{"name":"projects/gillythekid-c6c48/configs/googleai"},{"name":"projects/gillythekid-c6c48/configs/gemini"}]}
[debug] [2026-01-18T03:14:37.473Z] Checked if tokens are valid: true, expires at: 1768709675285
[debug] [2026-01-18T03:14:37.473Z] Checked if tokens are valid: true, expires at: 1768709675285
[debug] [2026-01-18T03:14:37.473Z] Checked if tokens are valid: true, expires at: 1768709675285
[debug] [2026-01-18T03:14:37.473Z] Checked if tokens are valid: true, expires at: 1768709675285
[debug] [2026-01-18T03:14:37.474Z] >>> [apiv2][query] GET https://runtimeconfig.googleapis.com/v1beta1/projects/gillythekid-c6c48/configs/googleai/variables [none]
[debug] [2026-01-18T03:14:37.474Z] >>> [apiv2][query] GET https://runtimeconfig.googleapis.com/v1beta1/projects/gillythekid-c6c48/configs/gemini/variables [none]
[debug] [2026-01-18T03:14:37.646Z] <<< [apiv2][status] GET https://runtimeconfig.googleapis.com/v1beta1/projects/gillythekid-c6c48/configs/gemini/variables 200
[debug] [2026-01-18T03:14:37.646Z] <<< [apiv2][body] GET https://runtimeconfig.googleapis.com/v1beta1/projects/gillythekid-c6c48/configs/gemini/variables {"variables":[{"name":"projects/gillythekid-c6c48/configs/gemini/variables/key","updateTime":"2025-12-22T19:22:18.927098482Z"}]}
[debug] [2026-01-18T03:14:37.646Z] Checked if tokens are valid: true, expires at: 1768709675285
[debug] [2026-01-18T03:14:37.647Z] Checked if tokens are valid: true, expires at: 1768709675285
[debug] [2026-01-18T03:14:37.647Z] >>> [apiv2][query] GET https://runtimeconfig.googleapis.com/v1beta1/projects/gillythekid-c6c48/configs/gemini/variables/key [none]
[debug] [2026-01-18T03:14:37.654Z] <<< [apiv2][status] GET https://runtimeconfig.googleapis.com/v1beta1/projects/gillythekid-c6c48/configs/googleai/variables 200
[debug] [2026-01-18T03:14:37.654Z] <<< [apiv2][body] GET https://runtimeconfig.googleapis.com/v1beta1/projects/gillythekid-c6c48/configs/googleai/variables {"variables":[{"name":"projects/gillythekid-c6c48/configs/googleai/variables/key","updateTime":"2025-12-17T16:45:04.583315851Z"}]}
[debug] [2026-01-18T03:14:37.654Z] Checked if tokens are valid: true, expires at: 1768709675285
[debug] [2026-01-18T03:14:37.654Z] Checked if tokens are valid: true, expires at: 1768709675285
[debug] [2026-01-18T03:14:37.654Z] >>> [apiv2][query] GET https://runtimeconfig.googleapis.com/v1beta1/projects/gillythekid-c6c48/configs/googleai/variables/key [none]
[debug] [2026-01-18T03:14:37.812Z] <<< [apiv2][status] GET https://runtimeconfig.googleapis.com/v1beta1/projects/gillythekid-c6c48/configs/gemini/variables/key 200
[debug] [2026-01-18T03:14:37.813Z] <<< [apiv2][body] GET https://runtimeconfig.googleapis.com/v1beta1/projects/gillythekid-c6c48/configs/gemini/variables/key {"name":"projects/gillythekid-c6c48/configs/gemini/variables/key","updateTime":"2025-12-22T19:22:18.927098482Z","text":"YOUR_REAL_GEMINI_API_KEY"}
[debug] [2026-01-18T03:14:37.828Z] <<< [apiv2][status] GET https://runtimeconfig.googleapis.com/v1beta1/projects/gillythekid-c6c48/configs/googleai/variables/key 200
[debug] [2026-01-18T03:14:37.828Z] <<< [apiv2][body] GET https://runtimeconfig.googleapis.com/v1beta1/projects/gillythekid-c6c48/configs/googleai/variables/key {"name":"projects/gillythekid-c6c48/configs/googleai/variables/key","updateTime":"2025-12-17T16:45:04.583315851Z","text":"YOUR_API_KEY_HERE"}
[debug] [2026-01-18T03:14:37.829Z] Customer code is not Node
[debug] [2026-01-18T03:14:37.830Z] Validating python source
[debug] [2026-01-18T03:14:37.830Z] Building python source
[info] i  functions: Loading and analyzing source code for codebase default to determine what to deploy 
[debug] [2026-01-18T03:14:37.831Z] Could not find functions.yaml. Must use http discovery
[debug] [2026-01-18T03:14:37.837Z] Running command with virtualenv: command="C:\Users\gilbe\OneDrive\Documents\gillythekid\functions\venv\Scripts\activate.bat", args=["","&&","python.exe","-c","\"import firebase_functions; import os; print(os.path.dirname(firebase_functions.__file__))\""]
[debug] [2026-01-18T03:14:37.856Z] stderr: The system cannot find the path specified.

[debug] [2026-01-18T03:14:37.858Z] Error: spawn "C:\Users\gilbe\OneDrive\Documents\gillythekid\functions\venv\Scripts\activate.bat" ENOENT
    at notFoundError (C:\Users\gilbe\AppData\Roaming\npm\node_modules\firebase-tools\node_modules\cross-spawn\lib\enoent.js:6:26)
    at verifyENOENT (C:\Users\gilbe\AppData\Roaming\npm\node_modules\firebase-tools\node_modules\cross-spawn\lib\enoent.js:40:16)
    at cp.emit (C:\Users\gilbe\AppData\Roaming\npm\node_modules\firebase-tools\node_modules\cross-spawn\lib\enoent.js:27:25)
    at ChildProcess._handle.onexit (node:internal/child_process:293:12)
[error] 
[error] Error: An unexpected error has occurred.
[debug] [2026-01-18T03:24:47.874Z] ----------------------------------------------------------------------
[debug] [2026-01-18T03:24:47.876Z] Command:       C:\Program Files\nodejs\node.exe C:\Users\gilbe\AppData\Roaming\npm\node_modules\firebase-tools\lib\bin\firebase.js deploy --only functions --debug
[debug] [2026-01-18T03:24:47.876Z] CLI Version:   15.2.1
[debug] [2026-01-18T03:24:47.876Z] Platform:      win32
[debug] [2026-01-18T03:24:47.876Z] Node Version:  v25.2.1
[debug] [2026-01-18T03:24:47.876Z] Time:          Sat Jan 17 2026 22:24:47 GMT-0500 (Eastern Standard Time)
[debug] [2026-01-18T03:24:47.876Z] ----------------------------------------------------------------------
[debug] 
[debug] [2026-01-18T03:24:48.875Z] > command requires scopes: ["email","openid","https://www.googleapis.com/auth/cloudplatformprojects.readonly","https://www.googleapis.com/auth/firebase","https://www.googleapis.com/auth/cloud-platform"]
[debug] [2026-01-18T03:24:48.876Z] > authorizing via signed-in user (gillythekid911@gmail.com)
[debug] [2026-01-18T03:24:48.877Z] [iam] checking project gillythekid-c6c48 for permissions ["cloudfunctions.functions.create","cloudfunctions.functions.delete","cloudfunctions.functions.get","cloudfunctions.functions.list","cloudfunctions.functions.update","cloudfunctions.operations.get","firebase.projects.get"]
[debug] [2026-01-18T03:24:48.878Z] Checked if tokens are valid: true, expires at: 1768709675285
[debug] [2026-01-18T03:24:48.878Z] Checked if tokens are valid: true, expires at: 1768709675285
[debug] [2026-01-18T03:24:48.880Z] >>> [apiv2][query] POST https://cloudresourcemanager.googleapis.com/v1/projects/gillythekid-c6c48:testIamPermissions [none]
[debug] [2026-01-18T03:24:48.880Z] >>> [apiv2][(partial)header] POST https://cloudresourcemanager.googleapis.com/v1/projects/gillythekid-c6c48:testIamPermissions x-goog-quota-user=projects/gillythekid-c6c48
[debug] [2026-01-18T03:24:48.880Z] >>> [apiv2][body] POST https://cloudresourcemanager.googleapis.com/v1/projects/gillythekid-c6c48:testIamPermissions {"permissions":["cloudfunctions.functions.create","cloudfunctions.functions.delete","cloudfunctions.functions.get","cloudfunctions.functions.list","cloudfunctions.functions.update","cloudfunctions.operations.get","firebase.projects.get"]}
[debug] [2026-01-18T03:24:49.145Z] <<< [apiv2][status] POST https://cloudresourcemanager.googleapis.com/v1/projects/gillythekid-c6c48:testIamPermissions 200
[debug] [2026-01-18T03:24:49.145Z] <<< [apiv2][body] POST https://cloudresourcemanager.googleapis.com/v1/projects/gillythekid-c6c48:testIamPermissions {"permissions":["cloudfunctions.functions.create","cloudfunctions.functions.delete","cloudfunctions.functions.get","cloudfunctions.functions.list","cloudfunctions.functions.update","cloudfunctions.operations.get","firebase.projects.get"]}
[debug] [2026-01-18T03:24:49.146Z] Checked if tokens are valid: true, expires at: 1768709675285
[debug] [2026-01-18T03:24:49.146Z] Checked if tokens are valid: true, expires at: 1768709675285
[debug] [2026-01-18T03:24:49.147Z] >>> [apiv2][query] POST https://iam.googleapis.com/v1/projects/gillythekid-c6c48/serviceAccounts/gillythekid-c6c48@appspot.gserviceaccount.com:testIamPermissions [none]
[debug] [2026-01-18T03:24:49.147Z] >>> [apiv2][body] POST https://iam.googleapis.com/v1/projects/gillythekid-c6c48/serviceAccounts/gillythekid-c6c48@appspot.gserviceaccount.com:testIamPermissions {"permissions":["iam.serviceAccounts.actAs"]}
[debug] [2026-01-18T03:24:49.458Z] <<< [apiv2][status] POST https://iam.googleapis.com/v1/projects/gillythekid-c6c48/serviceAccounts/gillythekid-c6c48@appspot.gserviceaccount.com:testIamPermissions 200
[debug] [2026-01-18T03:24:49.459Z] <<< [apiv2][body] POST https://iam.googleapis.com/v1/projects/gillythekid-c6c48/serviceAccounts/gillythekid-c6c48@appspot.gserviceaccount.com:testIamPermissions {"permissions":["iam.serviceAccounts.actAs"]}
[info] 
[info] === Deploying to 'gillythekid-c6c48'...
[info] 
[info] i  deploying functions 
[debug] [2026-01-18T03:24:49.462Z] Checked if tokens are valid: true, expires at: 1768709675285
[debug] [2026-01-18T03:24:49.462Z] Checked if tokens are valid: true, expires at: 1768709675285
[debug] [2026-01-18T03:24:49.462Z] >>> [apiv2][query] GET https://cloudresourcemanager.googleapis.com/v1/projects/gillythekid-c6c48 [none]
[debug] [2026-01-18T03:24:49.634Z] <<< [apiv2][status] GET https://cloudresourcemanager.googleapis.com/v1/projects/gillythekid-c6c48 200
[debug] [2026-01-18T03:24:49.635Z] <<< [apiv2][body] GET https://cloudresourcemanager.googleapis.com/v1/projects/gillythekid-c6c48 {"projectNumber":"1012835367784","projectId":"gillythekid-c6c48","lifecycleState":"ACTIVE","name":"gillythekid","labels":{"firebase":"enabled","firebase-core":"disabled"},"createTime":"2025-12-01T19:16:53.201769Z"}
[info] i  functions: preparing codebase default for deployment 
[info] i  functions: ensuring required API cloudfunctions.googleapis.com is enabled... 
[info] i  functions: ensuring required API cloudbuild.googleapis.com is enabled... 
[info] i  artifactregistry: ensuring required API artifactregistry.googleapis.com is enabled... 
[debug] [2026-01-18T03:24:49.637Z] Checked if tokens are valid: true, expires at: 1768709675285
[debug] [2026-01-18T03:24:49.638Z] Checked if tokens are valid: true, expires at: 1768709675285
[debug] [2026-01-18T03:24:49.638Z] >>> [apiv2][query] GET https://firebase.googleapis.com/v1beta1/projects/gillythekid-c6c48/adminSdkConfig [none]
[debug] [2026-01-18T03:24:49.903Z] <<< [apiv2][status] GET https://firebase.googleapis.com/v1beta1/projects/gillythekid-c6c48/adminSdkConfig 200
[debug] [2026-01-18T03:24:49.903Z] <<< [apiv2][body] GET https://firebase.googleapis.com/v1beta1/projects/gillythekid-c6c48/adminSdkConfig {"projectId":"gillythekid-c6c48","storageBucket":"gillythekid-c6c48.firebasestorage.app"}
[debug] [2026-01-18T03:24:49.904Z] Checked if tokens are valid: true, expires at: 1768709675285
[debug] [2026-01-18T03:24:49.904Z] Checked if tokens are valid: true, expires at: 1768709675285
[debug] [2026-01-18T03:24:49.904Z] >>> [apiv2][query] GET https://runtimeconfig.googleapis.com/v1beta1/projects/gillythekid-c6c48/configs [none]
[debug] [2026-01-18T03:24:50.214Z] <<< [apiv2][status] GET https://runtimeconfig.googleapis.com/v1beta1/projects/gillythekid-c6c48/configs 200
[debug] [2026-01-18T03:24:50.215Z] <<< [apiv2][body] GET https://runtimeconfig.googleapis.com/v1beta1/projects/gillythekid-c6c48/configs {"configs":[{"name":"projects/gillythekid-c6c48/configs/gemini"},{"name":"projects/gillythekid-c6c48/configs/googleai"}]}
[debug] [2026-01-18T03:24:50.215Z] Checked if tokens are valid: true, expires at: 1768709675285
[debug] [2026-01-18T03:24:50.215Z] Checked if tokens are valid: true, expires at: 1768709675285
[debug] [2026-01-18T03:24:50.216Z] Checked if tokens are valid: true, expires at: 1768709675285
[debug] [2026-01-18T03:24:50.216Z] Checked if tokens are valid: true, expires at: 1768709675285
[debug] [2026-01-18T03:24:50.216Z] >>> [apiv2][query] GET https://runtimeconfig.googleapis.com/v1beta1/projects/gillythekid-c6c48/configs/gemini/variables [none]
[debug] [2026-01-18T03:24:50.216Z] >>> [apiv2][query] GET https://runtimeconfig.googleapis.com/v1beta1/projects/gillythekid-c6c48/configs/googleai/variables [none]
[debug] [2026-01-18T03:24:50.453Z] <<< [apiv2][status] GET https://runtimeconfig.googleapis.com/v1beta1/projects/gillythekid-c6c48/configs/gemini/variables 200
[debug] [2026-01-18T03:24:50.453Z] <<< [apiv2][body] GET https://runtimeconfig.googleapis.com/v1beta1/projects/gillythekid-c6c48/configs/gemini/variables {"variables":[{"name":"projects/gillythekid-c6c48/configs/gemini/variables/key","updateTime":"2025-12-22T19:22:18.927098482Z"}]}
[debug] [2026-01-18T03:24:50.454Z] Checked if tokens are valid: true, expires at: 1768709675285
[debug] [2026-01-18T03:24:50.454Z] Checked if tokens are valid: true, expires at: 1768709675285
[debug] [2026-01-18T03:24:50.454Z] >>> [apiv2][query] GET https://runtimeconfig.googleapis.com/v1beta1/projects/gillythekid-c6c48/configs/gemini/variables/key [none]
[debug] [2026-01-18T03:24:50.532Z] <<< [apiv2][status] GET https://runtimeconfig.googleapis.com/v1beta1/projects/gillythekid-c6c48/configs/googleai/variables 200
[debug] [2026-01-18T03:24:50.532Z] <<< [apiv2][body] GET https://runtimeconfig.googleapis.com/v1beta1/projects/gillythekid-c6c48/configs/googleai/variables {"variables":[{"name":"projects/gillythekid-c6c48/configs/googleai/variables/key","updateTime":"2025-12-17T16:45:04.583315851Z"}]}
[debug] [2026-01-18T03:24:50.533Z] Checked if tokens are valid: true, expires at: 1768709675285
[debug] [2026-01-18T03:24:50.533Z] Checked if tokens are valid: true, expires at: 1768709675285
[debug] [2026-01-18T03:24:50.533Z] >>> [apiv2][query] GET https://runtimeconfig.googleapis.com/v1beta1/projects/gillythekid-c6c48/configs/googleai/variables/key [none]
[debug] [2026-01-18T03:24:50.668Z] <<< [apiv2][status] GET https://runtimeconfig.googleapis.com/v1beta1/projects/gillythekid-c6c48/configs/gemini/variables/key 200
[debug] [2026-01-18T03:24:50.669Z] <<< [apiv2][body] GET https://runtimeconfig.googleapis.com/v1beta1/projects/gillythekid-c6c48/configs/gemini/variables/key {"name":"projects/gillythekid-c6c48/configs/gemini/variables/key","updateTime":"2025-12-22T19:22:18.927098482Z","text":"YOUR_REAL_GEMINI_API_KEY"}
[debug] [2026-01-18T03:24:50.838Z] <<< [apiv2][status] GET https://runtimeconfig.googleapis.com/v1beta1/projects/gillythekid-c6c48/configs/googleai/variables/key 200
[debug] [2026-01-18T03:24:50.839Z] <<< [apiv2][body] GET https://runtimeconfig.googleapis.com/v1beta1/projects/gillythekid-c6c48/configs/googleai/variables/key {"name":"projects/gillythekid-c6c48/configs/googleai/variables/key","updateTime":"2025-12-17T16:45:04.583315851Z","text":"YOUR_API_KEY_HERE"}
[debug] [2026-01-18T03:24:50.840Z] Customer code is not Node
[debug] [2026-01-18T03:24:50.841Z] Validating python source
[debug] [2026-01-18T03:24:50.841Z] Building python source
[info] i  functions: Loading and analyzing source code for codebase default to determine what to deploy 
[debug] [2026-01-18T03:24:50.842Z] Could not find functions.yaml. Must use http discovery
[debug] [2026-01-18T03:24:50.849Z] Running command with virtualenv: command="C:\Users\gilbe\OneDrive\Documents\gillythekid\functions\venv\Scripts\activate.bat", args=["","&&","python.exe","-c","\"import firebase_functions; import os; print(os.path.dirname(firebase_functions.__file__))\""]
[debug] [2026-01-18T03:24:50.865Z] stderr: The system cannot find the path specified.

[debug] [2026-01-18T03:24:50.867Z] Error: spawn "C:\Users\gilbe\OneDrive\Documents\gillythekid\functions\venv\Scripts\activate.bat" ENOENT
    at notFoundError (C:\Users\gilbe\AppData\Roaming\npm\node_modules\firebase-tools\node_modules\cross-spawn\lib\enoent.js:6:26)
    at verifyENOENT (C:\Users\gilbe\AppData\Roaming\npm\node_modules\firebase-tools\node_modules\cross-spawn\lib\enoent.js:40:16)
    at cp.emit (C:\Users\gilbe\AppData\Roaming\npm\node_modules\firebase-tools\node_modules\cross-spawn\lib\enoent.js:27:25)
    at ChildProcess._handle.onexit (node:internal/child_process:293:12)
[error] 
[error] Error: An unexpected error has occurred.
[debug] [2026-01-18T17:06:42.469Z] ----------------------------------------------------------------------
[debug] [2026-01-18T17:06:42.471Z] Command:       C:\Program Files\nodejs\node.exe C:\Users\gilbe\AppData\Roaming\npm\node_modules\firebase-tools\lib\bin\firebase.js deploy --only functions
[debug] [2026-01-18T17:06:42.471Z] CLI Version:   15.3.1
[debug] [2026-01-18T17:06:42.471Z] Platform:      win32
[debug] [2026-01-18T17:06:42.471Z] Node Version:  v25.2.1
[debug] [2026-01-18T17:06:42.471Z] Time:          Sun Jan 18 2026 12:06:42 GMT-0500 (Eastern Standard Time)
[debug] [2026-01-18T17:06:42.471Z] ----------------------------------------------------------------------
[debug] 
[debug] [2026-01-18T17:06:43.454Z] > command requires scopes: ["email","openid","https://www.googleapis.com/auth/cloudplatformprojects.readonly","https://www.googleapis.com/auth/firebase","https://www.googleapis.com/auth/cloud-platform"]
[debug] [2026-01-18T17:06:43.454Z] > authorizing via signed-in user (gillythekid911@gmail.com)
[debug] [2026-01-18T17:06:43.454Z] [iam] checking project gillythekid-c6c48 for permissions ["cloudfunctions.functions.create","cloudfunctions.functions.delete","cloudfunctions.functions.get","cloudfunctions.functions.list","cloudfunctions.functions.update","cloudfunctions.operations.get","firebase.projects.get"]
[debug] [2026-01-18T17:06:43.455Z] Checked if tokens are valid: true, expires at: 1768758838918
[debug] [2026-01-18T17:06:43.455Z] Checked if tokens are valid: true, expires at: 1768758838918
[debug] [2026-01-18T17:06:43.456Z] >>> [apiv2][query] POST https://cloudresourcemanager.googleapis.com/v1/projects/gillythekid-c6c48:testIamPermissions [none]
[debug] [2026-01-18T17:06:43.456Z] >>> [apiv2][(partial)header] POST https://cloudresourcemanager.googleapis.com/v1/projects/gillythekid-c6c48:testIamPermissions x-goog-quota-user=projects/gillythekid-c6c48
[debug] [2026-01-18T17:06:43.456Z] >>> [apiv2][body] POST https://cloudresourcemanager.googleapis.com/v1/projects/gillythekid-c6c48:testIamPermissions {"permissions":["cloudfunctions.functions.create","cloudfunctions.functions.delete","cloudfunctions.functions.get","cloudfunctions.functions.list","cloudfunctions.functions.update","cloudfunctions.operations.get","firebase.projects.get"]}
[debug] [2026-01-18T17:06:43.728Z] <<< [apiv2][status] POST https://cloudresourcemanager.googleapis.com/v1/projects/gillythekid-c6c48:testIamPermissions 200
[debug] [2026-01-18T17:06:43.729Z] <<< [apiv2][body] POST https://cloudresourcemanager.googleapis.com/v1/projects/gillythekid-c6c48:testIamPermissions {"permissions":["cloudfunctions.functions.create","cloudfunctions.functions.delete","cloudfunctions.functions.get","cloudfunctions.functions.list","cloudfunctions.functions.update","cloudfunctions.operations.get","firebase.projects.get"]}
[debug] [2026-01-18T17:06:43.729Z] Checked if tokens are valid: true, expires at: 1768758838918
[debug] [2026-01-18T17:06:43.729Z] Checked if tokens are valid: true, expires at: 1768758838918
[debug] [2026-01-18T17:06:43.729Z] >>> [apiv2][query] POST https://iam.googleapis.com/v1/projects/gillythekid-c6c48/serviceAccounts/gillythekid-c6c48@appspot.gserviceaccount.com:testIamPermissions [none]
[debug] [2026-01-18T17:06:43.729Z] >>> [apiv2][body] POST https://iam.googleapis.com/v1/projects/gillythekid-c6c48/serviceAccounts/gillythekid-c6c48@appspot.gserviceaccount.com:testIamPermissions {"permissions":["iam.serviceAccounts.actAs"]}
[debug] [2026-01-18T17:06:43.880Z] <<< [apiv2][status] POST https://iam.googleapis.com/v1/projects/gillythekid-c6c48/serviceAccounts/gillythekid-c6c48@appspot.gserviceaccount.com:testIamPermissions 200
[debug] [2026-01-18T17:06:43.880Z] <<< [apiv2][body] POST https://iam.googleapis.com/v1/projects/gillythekid-c6c48/serviceAccounts/gillythekid-c6c48@appspot.gserviceaccount.com:testIamPermissions {"permissions":["iam.serviceAccounts.actAs"]}
[info] 
[info] === Deploying to 'gillythekid-c6c48'...
[info] 
[info] i  deploying functions 
[debug] [2026-01-18T17:06:43.883Z] Checked if tokens are valid: true, expires at: 1768758838918
[debug] [2026-01-18T17:06:43.883Z] Checked if tokens are valid: true, expires at: 1768758838918
[debug] [2026-01-18T17:06:43.883Z] >>> [apiv2][query] GET https://cloudresourcemanager.googleapis.com/v1/projects/gillythekid-c6c48 [none]
[debug] [2026-01-18T17:06:44.064Z] <<< [apiv2][status] GET https://cloudresourcemanager.googleapis.com/v1/projects/gillythekid-c6c48 200
[debug] [2026-01-18T17:06:44.064Z] <<< [apiv2][body] GET https://cloudresourcemanager.googleapis.com/v1/projects/gillythekid-c6c48 {"projectNumber":"1012835367784","projectId":"gillythekid-c6c48","lifecycleState":"ACTIVE","name":"gillythekid","labels":{"firebase":"enabled","firebase-core":"disabled"},"createTime":"2025-12-01T19:16:53.201769Z"}
[info] i  functions: preparing codebase default for deployment 
[info] i  functions: ensuring required API cloudfunctions.googleapis.com is enabled... 
[info] i  functions: ensuring required API cloudbuild.googleapis.com is enabled... 
[info] i  artifactregistry: ensuring required API artifactregistry.googleapis.com is enabled... 
[debug] [2026-01-18T17:06:44.067Z] Checked if tokens are valid: true, expires at: 1768758838918
[debug] [2026-01-18T17:06:44.067Z] Checked if tokens are valid: true, expires at: 1768758838918
[debug] [2026-01-18T17:06:44.067Z] >>> [apiv2][query] GET https://firebase.googleapis.com/v1beta1/projects/gillythekid-c6c48/adminSdkConfig [none]
[debug] [2026-01-18T17:06:44.390Z] <<< [apiv2][status] GET https://firebase.googleapis.com/v1beta1/projects/gillythekid-c6c48/adminSdkConfig 200
[debug] [2026-01-18T17:06:44.391Z] <<< [apiv2][body] GET https://firebase.googleapis.com/v1beta1/projects/gillythekid-c6c48/adminSdkConfig {"projectId":"gillythekid-c6c48","storageBucket":"gillythekid-c6c48.firebasestorage.app"}
[debug] [2026-01-18T17:06:44.391Z] Checked if tokens are valid: true, expires at: 1768758838918
[debug] [2026-01-18T17:06:44.391Z] Checked if tokens are valid: true, expires at: 1768758838918
[debug] [2026-01-18T17:06:44.391Z] >>> [apiv2][query] GET https://runtimeconfig.googleapis.com/v1beta1/projects/gillythekid-c6c48/configs [none]
[debug] [2026-01-18T17:06:44.754Z] <<< [apiv2][status] GET https://runtimeconfig.googleapis.com/v1beta1/projects/gillythekid-c6c48/configs 200
[debug] [2026-01-18T17:06:44.754Z] <<< [apiv2][body] GET https://runtimeconfig.googleapis.com/v1beta1/projects/gillythekid-c6c48/configs {"configs":[{"name":"projects/gillythekid-c6c48/configs/gemini"},{"name":"projects/gillythekid-c6c48/configs/googleai"}]}
[debug] [2026-01-18T17:06:44.755Z] Checked if tokens are valid: true, expires at: 1768758838918
[debug] [2026-01-18T17:06:44.755Z] Checked if tokens are valid: true, expires at: 1768758838918
[debug] [2026-01-18T17:06:44.755Z] Checked if tokens are valid: true, expires at: 1768758838918
[debug] [2026-01-18T17:06:44.755Z] Checked if tokens are valid: true, expires at: 1768758838918
[debug] [2026-01-18T17:06:44.755Z] >>> [apiv2][query] GET https://runtimeconfig.googleapis.com/v1beta1/projects/gillythekid-c6c48/configs/gemini/variables [none]
[debug] [2026-01-18T17:06:44.755Z] >>> [apiv2][query] GET https://runtimeconfig.googleapis.com/v1beta1/projects/gillythekid-c6c48/configs/googleai/variables [none]
[debug] [2026-01-18T17:06:44.913Z] <<< [apiv2][status] GET https://runtimeconfig.googleapis.com/v1beta1/projects/gillythekid-c6c48/configs/gemini/variables 200
[debug] [2026-01-18T17:06:44.913Z] <<< [apiv2][body] GET https://runtimeconfig.googleapis.com/v1beta1/projects/gillythekid-c6c48/configs/gemini/variables {"variables":[{"name":"projects/gillythekid-c6c48/configs/gemini/variables/key","updateTime":"2025-12-22T19:22:18.927098482Z"}]}
[debug] [2026-01-18T17:06:44.913Z] Checked if tokens are valid: true, expires at: 1768758838918
[debug] [2026-01-18T17:06:44.913Z] Checked if tokens are valid: true, expires at: 1768758838918
[debug] [2026-01-18T17:06:44.913Z] >>> [apiv2][query] GET https://runtimeconfig.googleapis.com/v1beta1/projects/gillythekid-c6c48/configs/gemini/variables/key [none]
[debug] [2026-01-18T17:06:44.959Z] <<< [apiv2][status] GET https://runtimeconfig.googleapis.com/v1beta1/projects/gillythekid-c6c48/configs/googleai/variables 200
[debug] [2026-01-18T17:06:44.959Z] <<< [apiv2][body] GET https://runtimeconfig.googleapis.com/v1beta1/projects/gillythekid-c6c48/configs/googleai/variables {"variables":[{"name":"projects/gillythekid-c6c48/configs/googleai/variables/key","updateTime":"2025-12-17T16:45:04.583315851Z"}]}
[debug] [2026-01-18T17:06:44.959Z] Checked if tokens are valid: true, expires at: 1768758838918
[debug] [2026-01-18T17:06:44.959Z] Checked if tokens are valid: true, expires at: 1768758838918
[debug] [2026-01-18T17:06:44.959Z] >>> [apiv2][query] GET https://runtimeconfig.googleapis.com/v1beta1/projects/gillythekid-c6c48/configs/googleai/variables/key [none]
[debug] [2026-01-18T17:06:45.049Z] <<< [apiv2][status] GET https://runtimeconfig.googleapis.com/v1beta1/projects/gillythekid-c6c48/configs/gemini/variables/key 200
[debug] [2026-01-18T17:06:45.049Z] <<< [apiv2][body] GET https://runtimeconfig.googleapis.com/v1beta1/projects/gillythekid-c6c48/configs/gemini/variables/key {"name":"projects/gillythekid-c6c48/configs/gemini/variables/key","updateTime":"2025-12-22T19:22:18.927098482Z","text":"YOUR_REAL_GEMINI_API_KEY"}
[debug] [2026-01-18T17:06:45.117Z] <<< [apiv2][status] GET https://runtimeconfig.googleapis.com/v1beta1/projects/gillythekid-c6c48/configs/googleai/variables/key 200
[debug] [2026-01-18T17:06:45.117Z] <<< [apiv2][body] GET https://runtimeconfig.googleapis.com/v1beta1/projects/gillythekid-c6c48/configs/googleai/variables/key {"name":"projects/gillythekid-c6c48/configs/googleai/variables/key","updateTime":"2025-12-17T16:45:04.583315851Z","text":"YOUR_API_KEY_HERE"}
[debug] [2026-01-18T17:06:45.118Z] Customer code is not Node
[debug] [2026-01-18T17:06:45.118Z] Validating python source
[debug] [2026-01-18T17:06:45.119Z] Building python source
[info] i  functions: Loading and analyzing source code for codebase default to determine what to deploy 
[debug] [2026-01-18T17:06:45.120Z] Could not find functions.yaml. Must use http discovery
[debug] [2026-01-18T17:06:45.127Z] Running command with virtualenv: command="C:\Users\gilbe\OneDrive\Documents\gillythekid\functions\venv\Scripts\activate.bat", args=["","&&","python.exe","-c","\"import firebase_functions; import os; print(os.path.dirname(firebase_functions.__file__))\""]
[debug] [2026-01-18T17:06:45.252Z] stdout: C:\Users\gilbe\OneDrive\Documents\gillythekid\functions\venv\Lib\site-packages\firebase_functions

[debug] [2026-01-18T17:06:45.261Z] Running admin server with args: ["python.exe","\"C:\\Users\\gilbe\\OneDrive\\Documents\\gillythekid\\functions\\venv\\Lib\\site-packages\\firebase_functions\\private\\serving.py\""] and env: {"FIREBASE_CONFIG":"{\"projectId\":\"gillythekid-c6c48\",\"storageBucket\":\"gillythekid-c6c48.firebasestorage.app\"}","GCLOUD_PROJECT":"gillythekid-c6c48","GOOGLE_CLOUD_QUOTA_PROJECT":"gillythekid-c6c48","ADMIN_PORT":"8081"} in C:\Users\gilbe\OneDrive\Documents\gillythekid\functions
[debug] [2026-01-18T17:06:45.261Z] Running command with virtualenv: command="C:\Users\gilbe\OneDrive\Documents\gillythekid\functions\venv\Scripts\activate.bat", args=["","&&","python.exe","\"C:\\Users\\gilbe\\OneDrive\\Documents\\gillythekid\\functions\\venv\\Lib\\site-packages\\firebase_functions\\private\\serving.py\""]
[info]  * Serving Flask app 'serving'
 * Debug mode: off

[error] WARNING: This is a development server. Do not use it in a production deployment. Use a production WSGI server instead.
 * Running on http://127.0.0.1:8081

[error] Press CTRL+C to quit

[error] 127.0.0.1 - - [18/Jan/2026 12:06:45] "GET /__/functions.yaml HTTP/1.1" 200 -

[debug] [2026-01-18T17:06:45.853Z] Got response from /__/functions.yaml endpoints:
  ai_prompt:
    availableMemoryMb: null
    concurrency: null
    entryPoint: ai_prompt
    httpsTrigger: {}
    ingressSettings: null
    labels: {}
    maxInstances: null
    minInstances: null
    platform: gcfv2
    secretEnvironmentVariables: []
    serviceAccountEmail: null
    timeoutSeconds: null
params: []
requiredAPIs: []
specVersion: v1alpha1

[error] 127.0.0.1 - - [18/Jan/2026 12:06:45] "GET /__/quitquitquit HTTP/1.1" 200 -

[info] i  functions: preparing functions directory for uploading... 
[info] i  functions: packaged C:\Users\gilbe\OneDrive\Documents\gillythekid\functions (30.21 MB) for uploading 
[debug] [2026-01-18T17:06:49.893Z] Checked if tokens are valid: true, expires at: 1768758838918
[debug] [2026-01-18T17:06:49.893Z] Checked if tokens are valid: true, expires at: 1768758838918
[debug] [2026-01-18T17:06:49.893Z] >>> [apiv2][query] GET https://cloudfunctions.googleapis.com/v1/projects/gillythekid-c6c48/locations/-/functions [none]
[debug] [2026-01-18T17:06:50.499Z] <<< [apiv2][status] GET https://cloudfunctions.googleapis.com/v1/projects/gillythekid-c6c48/locations/-/functions 200
[debug] [2026-01-18T17:06:50.499Z] <<< [apiv2][body] GET https://cloudfunctions.googleapis.com/v1/projects/gillythekid-c6c48/locations/-/functions {}
[debug] [2026-01-18T17:06:50.500Z] Checked if tokens are valid: true, expires at: 1768758838918
[debug] [2026-01-18T17:06:50.500Z] Checked if tokens are valid: true, expires at: 1768758838918
[debug] [2026-01-18T17:06:50.500Z] >>> [apiv2][query] GET https://cloudfunctions.googleapis.com/v2/projects/gillythekid-c6c48/locations/-/functions filter=environment%3D%22GEN_2%22
[debug] [2026-01-18T17:06:50.912Z] <<< [apiv2][status] GET https://cloudfunctions.googleapis.com/v2/projects/gillythekid-c6c48/locations/-/functions 200
[debug] [2026-01-18T17:06:50.912Z] <<< [apiv2][body] GET https://cloudfunctions.googleapis.com/v2/projects/gillythekid-c6c48/locations/-/functions {"functions":[{"name":"projects/gillythekid-c6c48/locations/us-central1/functions/ai_prompt","buildConfig":{"build":"projects/1012835367784/locations/us-central1/builds/f2740d36-69ec-4d31-841a-da78eb6ed5c6","runtime":"python310","entryPoint":"ai_prompt","source":{"storageSource":{"bucket":"gcf-v2-sources-1012835367784-us-central1","object":"ai_prompt/function-source.zip","generation":"1768752462717403"}},"environmentVariables":{"GOOGLE_NODE_RUN_SCRIPTS":""},"dockerRepository":"projects/gillythekid-c6c48/locations/us-central1/repositories/gcf-artifacts","sourceProvenance":{"resolvedStorageSource":{"bucket":"gcf-v2-sources-1012835367784-us-central1","object":"ai_prompt/function-source.zip","generation":"1768752462717403"}},"dockerRegistry":"ARTIFACT_REGISTRY","serviceAccount":"projects/gillythekid-c6c48/serviceAccounts/1012835367784-compute@developer.gserviceaccount.com","automaticUpdatePolicy":{}},"serviceConfig":{"service":"projects/gillythekid-c6c48/locations/us-central1/services/ai-prompt","timeoutSeconds":60,"environmentVariables":{"FIREBASE_CONFIG":"{\"projectId\":\"gillythekid-c6c48\",\"storageBucket\":\"gillythekid-c6c48.firebasestorage.app\"}","GCLOUD_PROJECT":"gillythekid-c6c48","EVENTARC_CLOUD_EVENT_SOURCE":"projects/gillythekid-c6c48/locations/us-central1/services/ai_prompt","FUNCTION_TARGET":"ai_prompt","LOG_EXECUTION_ID":"true"},"maxInstanceCount":20,"ingressSettings":"ALLOW_ALL","uri":"https://ai-prompt-ob3ulsycpa-uc.a.run.app","serviceAccountEmail":"1012835367784-compute@developer.gserviceaccount.com","availableMemory":"256Mi","allTrafficOnLatestRevision":true,"revision":"ai-prompt-00002-muw","maxInstanceRequestConcurrency":80,"availableCpu":"1"},"state":"ACTIVE","updateTime":"2026-01-18T16:09:10.034089402Z","labels":{"deployment-tool":"cli-firebase","firebase-functions-hash":"2ea69b5288597b0ac009bcf731df3b79f9141c58"},"environment":"GEN_2","url":"https://us-central1-gillythekid-c6c48.cloudfunctions.net/ai_prompt","createTime":"2026-01-12T01:56:11.538415682Z","satisfiesPzi":true}]}
[info] i  functions: ensuring required API run.googleapis.com is enabled... 
[info] i  functions: ensuring required API eventarc.googleapis.com is enabled... 
[info] i  functions: ensuring required API pubsub.googleapis.com is enabled... 
[info] i  functions: ensuring required API storage.googleapis.com is enabled... 
[info] i  functions: generating the service identity for pubsub.googleapis.com... 
[debug] [2026-01-18T17:06:50.916Z] Checked if tokens are valid: true, expires at: 1768758838918
[debug] [2026-01-18T17:06:50.916Z] Checked if tokens are valid: true, expires at: 1768758838918
[info] i  functions: generating the service identity for eventarc.googleapis.com... 
[debug] [2026-01-18T17:06:50.916Z] Checked if tokens are valid: true, expires at: 1768758838918
[debug] [2026-01-18T17:06:50.916Z] Checked if tokens are valid: true, expires at: 1768758838918
[debug] [2026-01-18T17:06:50.917Z] >>> [apiv2][query] POST https://serviceusage.googleapis.com/v1beta1/projects/1012835367784/services/pubsub.googleapis.com:generateServiceIdentity [none]
[debug] [2026-01-18T17:06:50.917Z] >>> [apiv2][(partial)header] POST https://serviceusage.googleapis.com/v1beta1/projects/1012835367784/services/pubsub.googleapis.com:generateServiceIdentity x-goog-quota-user=projects/1012835367784
[debug] [2026-01-18T17:06:50.917Z] >>> [apiv2][body] POST https://serviceusage.googleapis.com/v1beta1/projects/1012835367784/services/pubsub.googleapis.com:generateServiceIdentity {}
[debug] [2026-01-18T17:06:50.918Z] >>> [apiv2][query] POST https://serviceusage.googleapis.com/v1beta1/projects/1012835367784/services/eventarc.googleapis.com:generateServiceIdentity [none]
[debug] [2026-01-18T17:06:50.918Z] >>> [apiv2][(partial)header] POST https://serviceusage.googleapis.com/v1beta1/projects/1012835367784/services/eventarc.googleapis.com:generateServiceIdentity x-goog-quota-user=projects/1012835367784
[debug] [2026-01-18T17:06:50.918Z] >>> [apiv2][body] POST https://serviceusage.googleapis.com/v1beta1/projects/1012835367784/services/eventarc.googleapis.com:generateServiceIdentity {}
[debug] [2026-01-18T17:06:51.323Z] <<< [apiv2][status] POST https://serviceusage.googleapis.com/v1beta1/projects/1012835367784/services/pubsub.googleapis.com:generateServiceIdentity 200
[debug] [2026-01-18T17:06:51.323Z] <<< [apiv2][body] POST https://serviceusage.googleapis.com/v1beta1/projects/1012835367784/services/pubsub.googleapis.com:generateServiceIdentity {"name":"operations/finished.DONE_OPERATION","done":true,"response":{"@type":"type.googleapis.com/google.api.serviceusage.v1beta1.ServiceIdentity","email":"service-1012835367784@gcp-sa-pubsub.iam.gserviceaccount.com","uniqueId":"112079132768235941497"}}
[debug] [2026-01-18T17:06:51.354Z] <<< [apiv2][status] POST https://serviceusage.googleapis.com/v1beta1/projects/1012835367784/services/eventarc.googleapis.com:generateServiceIdentity 200
[debug] [2026-01-18T17:06:51.354Z] <<< [apiv2][body] POST https://serviceusage.googleapis.com/v1beta1/projects/1012835367784/services/eventarc.googleapis.com:generateServiceIdentity {"name":"operations/finished.DONE_OPERATION","done":true,"response":{"@type":"type.googleapis.com/google.api.serviceusage.v1beta1.ServiceIdentity","email":"service-1012835367784@gcp-sa-eventarc.iam.gserviceaccount.com","uniqueId":"106954098327316599967"}}
[debug] [2026-01-18T17:06:51.356Z] Checked if tokens are valid: true, expires at: 1768758838918
[debug] [2026-01-18T17:06:51.356Z] Checked if tokens are valid: true, expires at: 1768758838918
[debug] [2026-01-18T17:06:51.356Z] >>> [apiv2][query] GET https://cloudresourcemanager.googleapis.com/v1/projects/gillythekid-c6c48 [none]
[debug] [2026-01-18T17:06:51.593Z] <<< [apiv2][status] GET https://cloudresourcemanager.googleapis.com/v1/projects/gillythekid-c6c48 200
[debug] [2026-01-18T17:06:51.593Z] <<< [apiv2][body] GET https://cloudresourcemanager.googleapis.com/v1/projects/gillythekid-c6c48 {"projectNumber":"1012835367784","projectId":"gillythekid-c6c48","lifecycleState":"ACTIVE","name":"gillythekid","labels":{"firebase":"enabled","firebase-core":"disabled"},"createTime":"2025-12-01T19:16:53.201769Z"}
[debug] [2026-01-18T17:06:51.593Z] Checked if tokens are valid: true, expires at: 1768758838918
[debug] [2026-01-18T17:06:51.593Z] Checked if tokens are valid: true, expires at: 1768758838918
[debug] [2026-01-18T17:06:51.593Z] >>> [apiv2][query] GET https://compute.googleapis.com/compute/v1/projects/1012835367784 [none]
[debug] [2026-01-18T17:06:51.768Z] <<< [apiv2][status] GET https://compute.googleapis.com/compute/v1/projects/1012835367784 403
[debug] [2026-01-18T17:06:51.769Z] <<< [apiv2][body] GET https://compute.googleapis.com/compute/v1/projects/1012835367784 {"error":{"code":403,"message":"Compute Engine API has not been used in project 1012835367784 before or it is disabled. Enable it by visiting https://console.developers.google.com/apis/api/compute.googleapis.com/overview?project=1012835367784 then retry. If you enabled this API recently, wait a few minutes for the action to propagate to our systems and retry.","errors":[{"message":"Compute Engine API has not been used in project 1012835367784 before or it is disabled. Enable it by visiting https://console.developers.google.com/apis/api/compute.googleapis.com/overview?project=1012835367784 then retry. If you enabled this API recently, wait a few minutes for the action to propagate to our systems and retry.","domain":"usageLimits","reason":"accessNotConfigured","extendedHelp":"https://console.developers.google.com"}],"status":"PERMISSION_DENIED","details":[{"@type":"type.googleapis.com/google.rpc.ErrorInfo","reason":"SERVICE_DISABLED","domain":"googleapis.com","metadata":{"activationUrl":"https://console.developers.google.com/apis/api/compute.googleapis.com/overview?project=1012835367784","service":"compute.googleapis.com","serviceTitle":"Compute Engine API","consumer":"projects/1012835367784","containerInfo":"1012835367784"}},{"@type":"type.googleapis.com/google.rpc.LocalizedMessage","locale":"en-US","message":"Compute Engine API has not been used in project 1012835367784 before or it is disabled. Enable it by visiting https://console.developers.google.com/apis/api/compute.googleapis.com/overview?project=1012835367784 then retry. If you enabled this API recently, wait a few minutes for the action to propagate to our systems and retry."},{"@type":"type.googleapis.com/google.rpc.Help","links":[{"description":"Google developers console API activation","url":"https://console.developers.google.com/apis/api/compute.googleapis.com/overview?project=1012835367784"}]}]}}
[debug] [2026-01-18T17:06:51.769Z] unable to look up default compute service account. Falling back to 1012835367784-compute@developer.gserviceaccount.com. Error: {"name":"FirebaseError","children":[],"context":{"body":{"error":{"code":403,"message":"Compute Engine API has not been used in project 1012835367784 before or it is disabled. Enable it by visiting https://console.developers.google.com/apis/api/compute.googleapis.com/overview?project=1012835367784 then retry. If you enabled this API recently, wait a few minutes for the action to propagate to our systems and retry.","errors":[{"message":"Compute Engine API has not been used in project 1012835367784 before or it is disabled. Enable it by visiting https://console.developers.google.com/apis/api/compute.googleapis.com/overview?project=1012835367784 then retry. If you enabled this API recently, wait a few minutes for the action to propagate to our systems and retry.","domain":"usageLimits","reason":"accessNotConfigured","extendedHelp":"https://console.developers.google.com"}],"status":"PERMISSION_DENIED","details":[{"@type":"type.googleapis.com/google.rpc.ErrorInfo","reason":"SERVICE_DISABLED","domain":"googleapis.com","metadata":{"activationUrl":"https://console.developers.google.com/apis/api/compute.googleapis.com/overview?project=1012835367784","service":"compute.googleapis.com","serviceTitle":"Compute Engine API","consumer":"projects/1012835367784","containerInfo":"1012835367784"}},{"@type":"type.googleapis.com/google.rpc.LocalizedMessage","locale":"en-US","message":"Compute Engine API has not been used in project 1012835367784 before or it is disabled. Enable it by visiting https://console.developers.google.com/apis/api/compute.googleapis.com/overview?project=1012835367784 then retry. If you enabled this API recently, wait a few minutes for the action to propagate to our systems and retry."},{"@type":"type.googleapis.com/google.rpc.Help","links":[{"description":"Google developers console API activation","url":"https://console.developers.google.com/apis/api/compute.googleapis.com/overview?project=1012835367784"}]}]}},"response":{"statusCode":403}},"exit":1,"message":"Request to https://compute.googleapis.com/compute/v1/projects/1012835367784 had HTTP Error: 403, Compute Engine API has not been used in project 1012835367784 before or it is disabled. Enable it by visiting https://console.developers.google.com/apis/api/compute.googleapis.com/overview?project=1012835367784 then retry. If you enabled this API recently, wait a few minutes for the action to propagate to our systems and retry.","status":403}
[info] i  functions: Skipping the deploy of unchanged functions. 
[info] +  functions[ai_prompt(us-central1)] Skipped (No changes detected) 
[debug] [2026-01-18T17:06:51.773Z] Total Function Deployment time: 0
[debug] [2026-01-18T17:06:51.773Z] 0 Functions Deployed
[debug] [2026-01-18T17:06:51.773Z] 0 Functions Errored
[debug] [2026-01-18T17:06:51.773Z] 0 Function Deployments Aborted
[debug] [2026-01-18T17:06:51.773Z] Average Function Deployment time: NaN
[debug] [2026-01-18T17:06:51.774Z] Not printing URL for HTTPS function. Typically this means it didn't match a filter or we failed deployment
[debug] [2026-01-18T17:06:51.774Z] Checked if tokens are valid: true, expires at: 1768758838918
[debug] [2026-01-18T17:06:51.774Z] Checked if tokens are valid: true, expires at: 1768758838918
[debug] [2026-01-18T17:06:51.774Z] >>> [apiv2][query] GET https://artifactregistry.googleapis.com/v1/projects/gillythekid-c6c48/locations/us-central1/repositories/gcf-artifacts [none]
[debug] [2026-01-18T17:06:52.091Z] <<< [apiv2][status] GET https://artifactregistry.googleapis.com/v1/projects/gillythekid-c6c48/locations/us-central1/repositories/gcf-artifacts 200
[debug] [2026-01-18T17:06:52.092Z] <<< [apiv2][body] GET https://artifactregistry.googleapis.com/v1/projects/gillythekid-c6c48/locations/us-central1/repositories/gcf-artifacts {"name":"projects/gillythekid-c6c48/locations/us-central1/repositories/gcf-artifacts","format":"DOCKER","description":"This repository is created and used by Cloud Functions for storing function docker images.","labels":{"goog-managed-by":"cloudfunctions"},"createTime":"2026-01-12T01:56:32.632161Z","updateTime":"2026-01-18T16:08:44.421426Z","mode":"STANDARD_REPOSITORY","sizeBytes":"265766604","vulnerabilityScanningConfig":{"lastEnableTime":"2026-01-12T01:56:11.705386303Z","enablementState":"SCANNING_DISABLED","enablementStateReason":"API containerscanning.googleapis.com is not enabled."},"satisfiesPzi":true,"registryUri":"us-central1-docker.pkg.dev/gillythekid-c6c48/gcf-artifacts"}
[warn] !  functions: No cleanup policy detected for repositories in us-central1. This may result in a small monthly bill as container images accumulate over time. 
[debug] [2026-01-18T18:26:48.032Z] ----------------------------------------------------------------------
[debug] [2026-01-18T18:26:48.033Z] Command:       C:\Program Files\nodejs\node.exe C:\Users\gilbe\AppData\Roaming\npm\node_modules\firebase-tools\lib\bin\firebase.js deploy --only functions
[debug] [2026-01-18T18:26:48.034Z] CLI Version:   15.3.1
[debug] [2026-01-18T18:26:48.034Z] Platform:      win32
[debug] [2026-01-18T18:26:48.034Z] Node Version:  v25.2.1
[debug] [2026-01-18T18:26:48.034Z] Time:          Sun Jan 18 2026 13:26:48 GMT-0500 (Eastern Standard Time)
[debug] [2026-01-18T18:26:48.034Z] ----------------------------------------------------------------------
[debug] 
[debug] [2026-01-18T18:26:49.109Z] > command requires scopes: ["email","openid","https://www.googleapis.com/auth/cloudplatformprojects.readonly","https://www.googleapis.com/auth/firebase","https://www.googleapis.com/auth/cloud-platform"]
[debug] [2026-01-18T18:26:49.110Z] > authorizing via signed-in user (gillythekid911@gmail.com)
[debug] [2026-01-18T18:26:49.110Z] [iam] checking project gillythekid-c6c48 for permissions ["cloudfunctions.functions.create","cloudfunctions.functions.delete","cloudfunctions.functions.get","cloudfunctions.functions.list","cloudfunctions.functions.update","cloudfunctions.operations.get","firebase.projects.get"]
[debug] [2026-01-18T18:26:49.111Z] Checked if tokens are valid: false, expires at: 1768758838918
[debug] [2026-01-18T18:26:49.111Z] Checked if tokens are valid: false, expires at: 1768758838918
[debug] [2026-01-18T18:26:49.111Z] > refreshing access token with scopes: []
[debug] [2026-01-18T18:26:49.112Z] >>> [apiv2][query] POST https://www.googleapis.com/oauth2/v3/token [none]
[debug] [2026-01-18T18:26:49.112Z] >>> [apiv2][body] POST https://www.googleapis.com/oauth2/v3/token [omitted]
[debug] [2026-01-18T18:26:49.300Z] <<< [apiv2][status] POST https://www.googleapis.com/oauth2/v3/token 200
[debug] [2026-01-18T18:26:49.300Z] <<< [apiv2][body] POST https://www.googleapis.com/oauth2/v3/token [omitted]
[debug] [2026-01-18T18:26:49.307Z] >>> [apiv2][query] POST https://cloudresourcemanager.googleapis.com/v1/projects/gillythekid-c6c48:testIamPermissions [none]
[debug] [2026-01-18T18:26:49.307Z] >>> [apiv2][(partial)header] POST https://cloudresourcemanager.googleapis.com/v1/projects/gillythekid-c6c48:testIamPermissions x-goog-quota-user=projects/gillythekid-c6c48
[debug] [2026-01-18T18:26:49.307Z] >>> [apiv2][body] POST https://cloudresourcemanager.googleapis.com/v1/projects/gillythekid-c6c48:testIamPermissions {"permissions":["cloudfunctions.functions.create","cloudfunctions.functions.delete","cloudfunctions.functions.get","cloudfunctions.functions.list","cloudfunctions.functions.update","cloudfunctions.operations.get","firebase.projects.get"]}
[debug] [2026-01-18T18:26:49.517Z] <<< [apiv2][status] POST https://cloudresourcemanager.googleapis.com/v1/projects/gillythekid-c6c48:testIamPermissions 200
[debug] [2026-01-18T18:26:49.518Z] <<< [apiv2][body] POST https://cloudresourcemanager.googleapis.com/v1/projects/gillythekid-c6c48:testIamPermissions {"permissions":["cloudfunctions.functions.create","cloudfunctions.functions.delete","cloudfunctions.functions.get","cloudfunctions.functions.list","cloudfunctions.functions.update","cloudfunctions.operations.get","firebase.projects.get"]}
[debug] [2026-01-18T18:26:49.518Z] Checked if tokens are valid: true, expires at: 1768764408300
[debug] [2026-01-18T18:26:49.518Z] Checked if tokens are valid: true, expires at: 1768764408300
[debug] [2026-01-18T18:26:49.518Z] >>> [apiv2][query] POST https://iam.googleapis.com/v1/projects/gillythekid-c6c48/serviceAccounts/gillythekid-c6c48@appspot.gserviceaccount.com:testIamPermissions [none]
[debug] [2026-01-18T18:26:49.518Z] >>> [apiv2][body] POST https://iam.googleapis.com/v1/projects/gillythekid-c6c48/serviceAccounts/gillythekid-c6c48@appspot.gserviceaccount.com:testIamPermissions {"permissions":["iam.serviceAccounts.actAs"]}
[debug] [2026-01-18T18:26:49.809Z] <<< [apiv2][status] POST https://iam.googleapis.com/v1/projects/gillythekid-c6c48/serviceAccounts/gillythekid-c6c48@appspot.gserviceaccount.com:testIamPermissions 200
[debug] [2026-01-18T18:26:49.810Z] <<< [apiv2][body] POST https://iam.googleapis.com/v1/projects/gillythekid-c6c48/serviceAccounts/gillythekid-c6c48@appspot.gserviceaccount.com:testIamPermissions {"permissions":["iam.serviceAccounts.actAs"]}
[info] 
[info] === Deploying to 'gillythekid-c6c48'...
[info] 
[info] i  deploying functions 
[debug] [2026-01-18T18:26:49.813Z] Checked if tokens are valid: true, expires at: 1768764408300
[debug] [2026-01-18T18:26:49.813Z] Checked if tokens are valid: true, expires at: 1768764408300
[debug] [2026-01-18T18:26:49.814Z] >>> [apiv2][query] GET https://cloudresourcemanager.googleapis.com/v1/projects/gillythekid-c6c48 [none]
[debug] [2026-01-18T18:26:49.924Z] <<< [apiv2][status] GET https://cloudresourcemanager.googleapis.com/v1/projects/gillythekid-c6c48 200
[debug] [2026-01-18T18:26:49.924Z] <<< [apiv2][body] GET https://cloudresourcemanager.googleapis.com/v1/projects/gillythekid-c6c48 {"projectNumber":"1012835367784","projectId":"gillythekid-c6c48","lifecycleState":"ACTIVE","name":"gillythekid","labels":{"firebase":"enabled","firebase-core":"disabled"},"createTime":"2025-12-01T19:16:53.201769Z"}
[info] i  functions: preparing codebase default for deployment 
[info] i  functions: ensuring required API cloudfunctions.googleapis.com is enabled... 
[info] i  functions: ensuring required API cloudbuild.googleapis.com is enabled... 
[info] i  artifactregistry: ensuring required API artifactregistry.googleapis.com is enabled... 
[debug] [2026-01-18T18:26:49.927Z] Checked if tokens are valid: true, expires at: 1768764408300
[debug] [2026-01-18T18:26:49.927Z] Checked if tokens are valid: true, expires at: 1768764408300
[debug] [2026-01-18T18:26:49.927Z] >>> [apiv2][query] GET https://firebase.googleapis.com/v1beta1/projects/gillythekid-c6c48/adminSdkConfig [none]
[debug] [2026-01-18T18:26:50.297Z] <<< [apiv2][status] GET https://firebase.googleapis.com/v1beta1/projects/gillythekid-c6c48/adminSdkConfig 200
[debug] [2026-01-18T18:26:50.297Z] <<< [apiv2][body] GET https://firebase.googleapis.com/v1beta1/projects/gillythekid-c6c48/adminSdkConfig {"projectId":"gillythekid-c6c48","storageBucket":"gillythekid-c6c48.firebasestorage.app"}
[debug] [2026-01-18T18:26:50.298Z] Checked if tokens are valid: true, expires at: 1768764408300
[debug] [2026-01-18T18:26:50.298Z] Checked if tokens are valid: true, expires at: 1768764408300
[debug] [2026-01-18T18:26:50.298Z] >>> [apiv2][query] GET https://runtimeconfig.googleapis.com/v1beta1/projects/gillythekid-c6c48/configs [none]
[debug] [2026-01-18T18:26:50.485Z] <<< [apiv2][status] GET https://runtimeconfig.googleapis.com/v1beta1/projects/gillythekid-c6c48/configs 200
[debug] [2026-01-18T18:26:50.485Z] <<< [apiv2][body] GET https://runtimeconfig.googleapis.com/v1beta1/projects/gillythekid-c6c48/configs {"configs":[{"name":"projects/gillythekid-c6c48/configs/googleai"},{"name":"projects/gillythekid-c6c48/configs/gemini"}]}
[debug] [2026-01-18T18:26:50.485Z] Checked if tokens are valid: true, expires at: 1768764408300
[debug] [2026-01-18T18:26:50.485Z] Checked if tokens are valid: true, expires at: 1768764408300
[debug] [2026-01-18T18:26:50.485Z] Checked if tokens are valid: true, expires at: 1768764408300
[debug] [2026-01-18T18:26:50.485Z] Checked if tokens are valid: true, expires at: 1768764408300
[debug] [2026-01-18T18:26:50.485Z] >>> [apiv2][query] GET https://runtimeconfig.googleapis.com/v1beta1/projects/gillythekid-c6c48/configs/googleai/variables [none]
[debug] [2026-01-18T18:26:50.486Z] >>> [apiv2][query] GET https://runtimeconfig.googleapis.com/v1beta1/projects/gillythekid-c6c48/configs/gemini/variables [none]
[debug] [2026-01-18T18:26:50.606Z] <<< [apiv2][status] GET https://runtimeconfig.googleapis.com/v1beta1/projects/gillythekid-c6c48/configs/googleai/variables 200
[debug] [2026-01-18T18:26:50.606Z] <<< [apiv2][body] GET https://runtimeconfig.googleapis.com/v1beta1/projects/gillythekid-c6c48/configs/googleai/variables {"variables":[{"name":"projects/gillythekid-c6c48/configs/googleai/variables/key","updateTime":"2025-12-17T16:45:04.583315851Z"}]}
[debug] [2026-01-18T18:26:50.606Z] Checked if tokens are valid: true, expires at: 1768764408300
[debug] [2026-01-18T18:26:50.606Z] Checked if tokens are valid: true, expires at: 1768764408300
[debug] [2026-01-18T18:26:50.606Z] >>> [apiv2][query] GET https://runtimeconfig.googleapis.com/v1beta1/projects/gillythekid-c6c48/configs/googleai/variables/key [none]
[debug] [2026-01-18T18:26:50.655Z] <<< [apiv2][status] GET https://runtimeconfig.googleapis.com/v1beta1/projects/gillythekid-c6c48/configs/gemini/variables 200
[debug] [2026-01-18T18:26:50.655Z] <<< [apiv2][body] GET https://runtimeconfig.googleapis.com/v1beta1/projects/gillythekid-c6c48/configs/gemini/variables {"variables":[{"name":"projects/gillythekid-c6c48/configs/gemini/variables/key","updateTime":"2025-12-22T19:22:18.927098482Z"}]}
[debug] [2026-01-18T18:26:50.655Z] Checked if tokens are valid: true, expires at: 1768764408300
[debug] [2026-01-18T18:26:50.655Z] Checked if tokens are valid: true, expires at: 1768764408300
[debug] [2026-01-18T18:26:50.656Z] >>> [apiv2][query] GET https://runtimeconfig.googleapis.com/v1beta1/projects/gillythekid-c6c48/configs/gemini/variables/key [none]
[debug] [2026-01-18T18:26:50.777Z] <<< [apiv2][status] GET https://runtimeconfig.googleapis.com/v1beta1/projects/gillythekid-c6c48/configs/googleai/variables/key 200
[debug] [2026-01-18T18:26:50.777Z] <<< [apiv2][body] GET https://runtimeconfig.googleapis.com/v1beta1/projects/gillythekid-c6c48/configs/googleai/variables/key {"name":"projects/gillythekid-c6c48/configs/googleai/variables/key","updateTime":"2025-12-17T16:45:04.583315851Z","text":"YOUR_API_KEY_HERE"}
[debug] [2026-01-18T18:26:50.933Z] <<< [apiv2][status] GET https://runtimeconfig.googleapis.com/v1beta1/projects/gillythekid-c6c48/configs/gemini/variables/key 200
[debug] [2026-01-18T18:26:50.934Z] <<< [apiv2][body] GET https://runtimeconfig.googleapis.com/v1beta1/projects/gillythekid-c6c48/configs/gemini/variables/key {"name":"projects/gillythekid-c6c48/configs/gemini/variables/key","updateTime":"2025-12-22T19:22:18.927098482Z","text":"YOUR_REAL_GEMINI_API_KEY"}
[debug] [2026-01-18T18:26:50.935Z] Customer code is not Node
[debug] [2026-01-18T18:26:50.936Z] Validating python source
[debug] [2026-01-18T18:26:50.936Z] Building python source
[info] i  functions: Loading and analyzing source code for codebase default to determine what to deploy 
[debug] [2026-01-18T18:26:50.936Z] Could not find functions.yaml. Must use http discovery
[debug] [2026-01-18T18:26:50.943Z] Running command with virtualenv: command="C:\Users\gilbe\OneDrive\Documents\gillythekid\functions\venv\Scripts\activate.bat", args=["","&&","python.exe","-c","\"import firebase_functions; import os; print(os.path.dirname(firebase_functions.__file__))\""]
[debug] [2026-01-18T18:26:51.074Z] stdout: C:\Users\gilbe\OneDrive\Documents\gillythekid\functions\venv\Lib\site-packages\firebase_functions

[debug] [2026-01-18T18:26:51.082Z] Running admin server with args: ["python.exe","\"C:\\Users\\gilbe\\OneDrive\\Documents\\gillythekid\\functions\\venv\\Lib\\site-packages\\firebase_functions\\private\\serving.py\""] and env: {"FIREBASE_CONFIG":"{\"projectId\":\"gillythekid-c6c48\",\"storageBucket\":\"gillythekid-c6c48.firebasestorage.app\"}","GCLOUD_PROJECT":"gillythekid-c6c48","GOOGLE_CLOUD_QUOTA_PROJECT":"gillythekid-c6c48","ADMIN_PORT":"8081"} in C:\Users\gilbe\OneDrive\Documents\gillythekid\functions
[debug] [2026-01-18T18:26:51.082Z] Running command with virtualenv: command="C:\Users\gilbe\OneDrive\Documents\gillythekid\functions\venv\Scripts\activate.bat", args=["","&&","python.exe","\"C:\\Users\\gilbe\\OneDrive\\Documents\\gillythekid\\functions\\venv\\Lib\\site-packages\\firebase_functions\\private\\serving.py\""]
[info]  * Serving Flask app 'serving'
 * Debug mode: off

[error] WARNING: This is a development server. Do not use it in a production deployment. Use a production WSGI server instead.
 * Running on http://127.0.0.1:8081

[error] Press CTRL+C to quit

[error] 127.0.0.1 - - [18/Jan/2026 13:26:52] "GET /__/functions.yaml HTTP/1.1" 200 -

[debug] [2026-01-18T18:26:52.028Z] Got response from /__/functions.yaml endpoints:
  ai_prompt:
    availableMemoryMb: null
    concurrency: null
    entryPoint: ai_prompt
    httpsTrigger: {}
    ingressSettings: null
    labels: {}
    maxInstances: null
    minInstances: null
    platform: gcfv2
    secretEnvironmentVariables: []
    serviceAccountEmail: null
    timeoutSeconds: null
params: []
requiredAPIs: []
specVersion: v1alpha1

[error] 127.0.0.1 - - [18/Jan/2026 13:26:52] "GET /__/quitquitquit HTTP/1.1" 200 -

[info] i  functions: preparing functions directory for uploading... 
[info] i  functions: packaged C:\Users\gilbe\OneDrive\Documents\gillythekid\functions (33.83 MB) for uploading 
[debug] [2026-01-18T18:26:56.682Z] Checked if tokens are valid: true, expires at: 1768764408300
[debug] [2026-01-18T18:26:56.682Z] Checked if tokens are valid: true, expires at: 1768764408300
[debug] [2026-01-18T18:26:56.682Z] >>> [apiv2][query] GET https://cloudfunctions.googleapis.com/v1/projects/gillythekid-c6c48/locations/-/functions [none]
[debug] [2026-01-18T18:26:57.319Z] <<< [apiv2][status] GET https://cloudfunctions.googleapis.com/v1/projects/gillythekid-c6c48/locations/-/functions 200
[debug] [2026-01-18T18:26:57.319Z] <<< [apiv2][body] GET https://cloudfunctions.googleapis.com/v1/projects/gillythekid-c6c48/locations/-/functions {}
[debug] [2026-01-18T18:26:57.320Z] Checked if tokens are valid: true, expires at: 1768764408300
[debug] [2026-01-18T18:26:57.320Z] Checked if tokens are valid: true, expires at: 1768764408300
[debug] [2026-01-18T18:26:57.320Z] >>> [apiv2][query] GET https://cloudfunctions.googleapis.com/v2/projects/gillythekid-c6c48/locations/-/functions filter=environment%3D%22GEN_2%22
[debug] [2026-01-18T18:26:57.720Z] <<< [apiv2][status] GET https://cloudfunctions.googleapis.com/v2/projects/gillythekid-c6c48/locations/-/functions 200
[debug] [2026-01-18T18:26:57.721Z] <<< [apiv2][body] GET https://cloudfunctions.googleapis.com/v2/projects/gillythekid-c6c48/locations/-/functions {"functions":[{"name":"projects/gillythekid-c6c48/locations/us-central1/functions/ai_prompt","buildConfig":{"build":"projects/1012835367784/locations/us-central1/builds/f2740d36-69ec-4d31-841a-da78eb6ed5c6","runtime":"python310","entryPoint":"ai_prompt","source":{"storageSource":{"bucket":"gcf-v2-sources-1012835367784-us-central1","object":"ai_prompt/function-source.zip","generation":"1768752462717403"}},"environmentVariables":{"GOOGLE_NODE_RUN_SCRIPTS":""},"dockerRepository":"projects/gillythekid-c6c48/locations/us-central1/repositories/gcf-artifacts","sourceProvenance":{"resolvedStorageSource":{"bucket":"gcf-v2-sources-1012835367784-us-central1","object":"ai_prompt/function-source.zip","generation":"1768752462717403"}},"dockerRegistry":"ARTIFACT_REGISTRY","serviceAccount":"projects/gillythekid-c6c48/serviceAccounts/1012835367784-compute@developer.gserviceaccount.com","automaticUpdatePolicy":{}},"serviceConfig":{"service":"projects/gillythekid-c6c48/locations/us-central1/services/ai-prompt","timeoutSeconds":60,"environmentVariables":{"FIREBASE_CONFIG":"{\"projectId\":\"gillythekid-c6c48\",\"storageBucket\":\"gillythekid-c6c48.firebasestorage.app\"}","GCLOUD_PROJECT":"gillythekid-c6c48","EVENTARC_CLOUD_EVENT_SOURCE":"projects/gillythekid-c6c48/locations/us-central1/services/ai_prompt","FUNCTION_TARGET":"ai_prompt","LOG_EXECUTION_ID":"true"},"maxInstanceCount":20,"ingressSettings":"ALLOW_ALL","uri":"https://ai-prompt-ob3ulsycpa-uc.a.run.app","serviceAccountEmail":"1012835367784-compute@developer.gserviceaccount.com","availableMemory":"256Mi","allTrafficOnLatestRevision":true,"revision":"ai-prompt-00002-muw","maxInstanceRequestConcurrency":80,"availableCpu":"1"},"state":"ACTIVE","updateTime":"2026-01-18T16:09:10.034089402Z","labels":{"deployment-tool":"cli-firebase","firebase-functions-hash":"2ea69b5288597b0ac009bcf731df3b79f9141c58"},"environment":"GEN_2","url":"https://us-central1-gillythekid-c6c48.cloudfunctions.net/ai_prompt","createTime":"2026-01-12T01:56:11.538415682Z","satisfiesPzi":true}]}
[info] i  functions: ensuring required API run.googleapis.com is enabled... 
[info] i  functions: ensuring required API eventarc.googleapis.com is enabled... 
[info] i  functions: ensuring required API pubsub.googleapis.com is enabled... 
[info] i  functions: ensuring required API storage.googleapis.com is enabled... 
[info] i  functions: generating the service identity for pubsub.googleapis.com... 
[debug] [2026-01-18T18:26:57.724Z] Checked if tokens are valid: true, expires at: 1768764408300
[debug] [2026-01-18T18:26:57.724Z] Checked if tokens are valid: true, expires at: 1768764408300
[info] i  functions: generating the service identity for eventarc.googleapis.com... 
[debug] [2026-01-18T18:26:57.724Z] Checked if tokens are valid: true, expires at: 1768764408300
[debug] [2026-01-18T18:26:57.724Z] Checked if tokens are valid: true, expires at: 1768764408300
[debug] [2026-01-18T18:26:57.724Z] >>> [apiv2][query] POST https://serviceusage.googleapis.com/v1beta1/projects/1012835367784/services/pubsub.googleapis.com:generateServiceIdentity [none]
[debug] [2026-01-18T18:26:57.725Z] >>> [apiv2][(partial)header] POST https://serviceusage.googleapis.com/v1beta1/projects/1012835367784/services/pubsub.googleapis.com:generateServiceIdentity x-goog-quota-user=projects/1012835367784
[debug] [2026-01-18T18:26:57.725Z] >>> [apiv2][body] POST https://serviceusage.googleapis.com/v1beta1/projects/1012835367784/services/pubsub.googleapis.com:generateServiceIdentity {}
[debug] [2026-01-18T18:26:57.726Z] >>> [apiv2][query] POST https://serviceusage.googleapis.com/v1beta1/projects/1012835367784/services/eventarc.googleapis.com:generateServiceIdentity [none]
[debug] [2026-01-18T18:26:57.726Z] >>> [apiv2][(partial)header] POST https://serviceusage.googleapis.com/v1beta1/projects/1012835367784/services/eventarc.googleapis.com:generateServiceIdentity x-goog-quota-user=projects/1012835367784
[debug] [2026-01-18T18:26:57.726Z] >>> [apiv2][body] POST https://serviceusage.googleapis.com/v1beta1/projects/1012835367784/services/eventarc.googleapis.com:generateServiceIdentity {}
[debug] [2026-01-18T18:26:58.171Z] <<< [apiv2][status] POST https://serviceusage.googleapis.com/v1beta1/projects/1012835367784/services/pubsub.googleapis.com:generateServiceIdentity 200
[debug] [2026-01-18T18:26:58.171Z] <<< [apiv2][body] POST https://serviceusage.googleapis.com/v1beta1/projects/1012835367784/services/pubsub.googleapis.com:generateServiceIdentity {"name":"operations/finished.DONE_OPERATION","done":true,"response":{"@type":"type.googleapis.com/google.api.serviceusage.v1beta1.ServiceIdentity","email":"service-1012835367784@gcp-sa-pubsub.iam.gserviceaccount.com","uniqueId":"112079132768235941497"}}
[debug] [2026-01-18T18:26:58.273Z] <<< [apiv2][status] POST https://serviceusage.googleapis.com/v1beta1/projects/1012835367784/services/eventarc.googleapis.com:generateServiceIdentity 200
[debug] [2026-01-18T18:26:58.273Z] <<< [apiv2][body] POST https://serviceusage.googleapis.com/v1beta1/projects/1012835367784/services/eventarc.googleapis.com:generateServiceIdentity {"name":"operations/finished.DONE_OPERATION","done":true,"response":{"@type":"type.googleapis.com/google.api.serviceusage.v1beta1.ServiceIdentity","email":"service-1012835367784@gcp-sa-eventarc.iam.gserviceaccount.com","uniqueId":"106954098327316599967"}}
[debug] [2026-01-18T18:26:58.275Z] Checked if tokens are valid: true, expires at: 1768764408300
[debug] [2026-01-18T18:26:58.275Z] Checked if tokens are valid: true, expires at: 1768764408300
[debug] [2026-01-18T18:26:58.275Z] >>> [apiv2][query] GET https://cloudresourcemanager.googleapis.com/v1/projects/gillythekid-c6c48 [none]
[debug] [2026-01-18T18:26:58.510Z] <<< [apiv2][status] GET https://cloudresourcemanager.googleapis.com/v1/projects/gillythekid-c6c48 200
[debug] [2026-01-18T18:26:58.510Z] <<< [apiv2][body] GET https://cloudresourcemanager.googleapis.com/v1/projects/gillythekid-c6c48 {"projectNumber":"1012835367784","projectId":"gillythekid-c6c48","lifecycleState":"ACTIVE","name":"gillythekid","labels":{"firebase":"enabled","firebase-core":"disabled"},"createTime":"2025-12-01T19:16:53.201769Z"}
[debug] [2026-01-18T18:26:58.510Z] Checked if tokens are valid: true, expires at: 1768764408300
[debug] [2026-01-18T18:26:58.510Z] Checked if tokens are valid: true, expires at: 1768764408300
[debug] [2026-01-18T18:26:58.510Z] >>> [apiv2][query] GET https://compute.googleapis.com/compute/v1/projects/1012835367784 [none]
[debug] [2026-01-18T18:26:58.700Z] <<< [apiv2][status] GET https://compute.googleapis.com/compute/v1/projects/1012835367784 403
[debug] [2026-01-18T18:26:58.700Z] <<< [apiv2][body] GET https://compute.googleapis.com/compute/v1/projects/1012835367784 {"error":{"code":403,"message":"Compute Engine API has not been used in project 1012835367784 before or it is disabled. Enable it by visiting https://console.developers.google.com/apis/api/compute.googleapis.com/overview?project=1012835367784 then retry. If you enabled this API recently, wait a few minutes for the action to propagate to our systems and retry.","errors":[{"message":"Compute Engine API has not been used in project 1012835367784 before or it is disabled. Enable it by visiting https://console.developers.google.com/apis/api/compute.googleapis.com/overview?project=1012835367784 then retry. If you enabled this API recently, wait a few minutes for the action to propagate to our systems and retry.","domain":"usageLimits","reason":"accessNotConfigured","extendedHelp":"https://console.developers.google.com"}],"status":"PERMISSION_DENIED","details":[{"@type":"type.googleapis.com/google.rpc.ErrorInfo","reason":"SERVICE_DISABLED","domain":"googleapis.com","metadata":{"consumer":"projects/1012835367784","activationUrl":"https://console.developers.google.com/apis/api/compute.googleapis.com/overview?project=1012835367784","serviceTitle":"Compute Engine API","service":"compute.googleapis.com","containerInfo":"1012835367784"}},{"@type":"type.googleapis.com/google.rpc.LocalizedMessage","locale":"en-US","message":"Compute Engine API has not been used in project 1012835367784 before or it is disabled. Enable it by visiting https://console.developers.google.com/apis/api/compute.googleapis.com/overview?project=1012835367784 then retry. If you enabled this API recently, wait a few minutes for the action to propagate to our systems and retry."},{"@type":"type.googleapis.com/google.rpc.Help","links":[{"description":"Google developers console API activation","url":"https://console.developers.google.com/apis/api/compute.googleapis.com/overview?project=1012835367784"}]}]}}
[debug] [2026-01-18T18:26:58.700Z] unable to look up default compute service account. Falling back to 1012835367784-compute@developer.gserviceaccount.com. Error: {"name":"FirebaseError","children":[],"context":{"body":{"error":{"code":403,"message":"Compute Engine API has not been used in project 1012835367784 before or it is disabled. Enable it by visiting https://console.developers.google.com/apis/api/compute.googleapis.com/overview?project=1012835367784 then retry. If you enabled this API recently, wait a few minutes for the action to propagate to our systems and retry.","errors":[{"message":"Compute Engine API has not been used in project 1012835367784 before or it is disabled. Enable it by visiting https://console.developers.google.com/apis/api/compute.googleapis.com/overview?project=1012835367784 then retry. If you enabled this API recently, wait a few minutes for the action to propagate to our systems and retry.","domain":"usageLimits","reason":"accessNotConfigured","extendedHelp":"https://console.developers.google.com"}],"status":"PERMISSION_DENIED","details":[{"@type":"type.googleapis.com/google.rpc.ErrorInfo","reason":"SERVICE_DISABLED","domain":"googleapis.com","metadata":{"consumer":"projects/1012835367784","activationUrl":"https://console.developers.google.com/apis/api/compute.googleapis.com/overview?project=1012835367784","serviceTitle":"Compute Engine API","service":"compute.googleapis.com","containerInfo":"1012835367784"}},{"@type":"type.googleapis.com/google.rpc.LocalizedMessage","locale":"en-US","message":"Compute Engine API has not been used in project 1012835367784 before or it is disabled. Enable it by visiting https://console.developers.google.com/apis/api/compute.googleapis.com/overview?project=1012835367784 then retry. If you enabled this API recently, wait a few minutes for the action to propagate to our systems and retry."},{"@type":"type.googleapis.com/google.rpc.Help","links":[{"description":"Google developers console API activation","url":"https://console.developers.google.com/apis/api/compute.googleapis.com/overview?project=1012835367784"}]}]}},"response":{"statusCode":403}},"exit":1,"message":"Request to https://compute.googleapis.com/compute/v1/projects/1012835367784 had HTTP Error: 403, Compute Engine API has not been used in project 1012835367784 before or it is disabled. Enable it by visiting https://console.developers.google.com/apis/api/compute.googleapis.com/overview?project=1012835367784 then retry. If you enabled this API recently, wait a few minutes for the action to propagate to our systems and retry.","status":403}
[debug] [2026-01-18T18:26:58.705Z] Checked if tokens are valid: true, expires at: 1768764408300
[debug] [2026-01-18T18:26:58.705Z] Checked if tokens are valid: true, expires at: 1768764408300
[debug] [2026-01-18T18:26:58.705Z] >>> [apiv2][query] POST https://cloudfunctions.googleapis.com/v2/projects/gillythekid-c6c48/locations/us-central1/functions:generateUploadUrl [none]
[debug] [2026-01-18T18:26:59.053Z] <<< [apiv2][status] POST https://cloudfunctions.googleapis.com/v2/projects/gillythekid-c6c48/locations/us-central1/functions:generateUploadUrl 200
[debug] [2026-01-18T18:26:59.053Z] <<< [apiv2][body] POST https://cloudfunctions.googleapis.com/v2/projects/gillythekid-c6c48/locations/us-central1/functions:generateUploadUrl {"uploadUrl":"https://storage.googleapis.com/gcf-v2-uploads-1012835367784.us-central1.cloudfunctions.appspot.com/1555129c-8c0f-4f60-88fa-f0c1b68a163b.zip?GoogleAccessId=service-1012835367784@gcf-admin-robot.iam.gserviceaccount.com&Expires=1768762619&Signature=RJB1K8ggrr2j2CLGXFt4YKkBicSNknI%2F4GYYFD%2BH2b2hjQo7%2FY%2BfqxElbnxWqq8BMUENPveG1YYVxX6aV7gvupOcLqy7j5l1rXmipIGDfD9K0xtHseUMg02QpmH338h2IvnzgArzLUiffgiskZWREZ5rApjjMXkTfM8SC8EpSb%2B5mxy5qvdAAGl5Y4hrcJkxQfQMohM6qVaSDtOAzFZKw3nohtSTHQw3aoJHjWLV9bsRcH8GxX1cMvlCPb3Q%2BXEXwaI%2Bc193lYU7OrF1tkze84OKNYcH7JqKByY8Kpe88zxEcEoV%2BLVMNXBSTu8alrehIrPn%2BN%2FQzZNLZiGIRqBpUw%3D%3D","storageSource":{"bucket":"gcf-v2-uploads-1012835367784.us-central1.cloudfunctions.appspot.com","object":"1555129c-8c0f-4f60-88fa-f0c1b68a163b.zip"}}
[debug] [2026-01-18T18:26:59.056Z] >>> [apiv2][query] PUT https://storage.googleapis.com/gcf-v2-uploads-1012835367784.us-central1.cloudfunctions.appspot.com/1555129c-8c0f-4f60-88fa-f0c1b68a163b.zip GoogleAccessId=service-1012835367784%40gcf-admin-robot.iam.gserviceaccount.com&Expires=1768762619&Signature=RJB1K8ggrr2j2CLGXFt4YKkBicSNknI%2F4GYYFD%2BH2b2hjQo7%2FY%2BfqxElbnxWqq8BMUENPveG1YYVxX6aV7gvupOcLqy7j5l1rXmipIGDfD9K0xtHseUMg02QpmH338h2IvnzgArzLUiffgiskZWREZ5rApjjMXkTfM8SC8EpSb%2B5mxy5qvdAAGl5Y4hrcJkxQfQMohM6qVaSDtOAzFZKw3nohtSTHQw3aoJHjWLV9bsRcH8GxX1cMvlCPb3Q%2BXEXwaI%2Bc193lYU7OrF1tkze84OKNYcH7JqKByY8Kpe88zxEcEoV%2BLVMNXBSTu8alrehIrPn%2BN%2FQzZNLZiGIRqBpUw%3D%3D
[debug] [2026-01-18T18:26:59.056Z] >>> [apiv2][body] PUT https://storage.googleapis.com/gcf-v2-uploads-1012835367784.us-central1.cloudfunctions.appspot.com/1555129c-8c0f-4f60-88fa-f0c1b68a163b.zip [stream]
[debug] [2026-01-18T18:27:07.424Z] <<< [apiv2][status] PUT https://storage.googleapis.com/gcf-v2-uploads-1012835367784.us-central1.cloudfunctions.appspot.com/1555129c-8c0f-4f60-88fa-f0c1b68a163b.zip 200
[debug] [2026-01-18T18:27:07.424Z] <<< [apiv2][body] PUT https://storage.googleapis.com/gcf-v2-uploads-1012835367784.us-central1.cloudfunctions.appspot.com/1555129c-8c0f-4f60-88fa-f0c1b68a163b.zip [omitted]
[info] +  functions: functions source uploaded successfully 
[info] i  functions: updating Python 3.11 (2nd Gen) function ai_prompt(us-central1)... 
[debug] [2026-01-18T18:27:07.428Z] Checked if tokens are valid: true, expires at: 1768764408300
[debug] [2026-01-18T18:27:07.428Z] Checked if tokens are valid: true, expires at: 1768764408300
[debug] [2026-01-18T18:27:07.428Z] >>> [apiv2][query] PATCH https://cloudfunctions.googleapis.com/v2/projects/gillythekid-c6c48/locations/us-central1/functions/ai_prompt updateMask=name%2CbuildConfig.runtime%2CbuildConfig.entryPoint%2CbuildConfig.source.storageSource.bucket%2CbuildConfig.source.storageSource.object%2CbuildConfig.environmentVariables%2CbuildConfig.sourceToken%2CserviceConfig.environmentVariables%2CserviceConfig.secretEnvironmentVariables%2CserviceConfig.ingressSettings%2CserviceConfig.timeoutSeconds%2CserviceConfig.serviceAccountEmail%2CserviceConfig.availableMemory%2CserviceConfig.minInstanceCount%2CserviceConfig.maxInstanceCount%2CserviceConfig.maxInstanceRequestConcurrency%2CserviceConfig.availableCpu%2Clabels
[debug] [2026-01-18T18:27:07.428Z] >>> [apiv2][body] PATCH https://cloudfunctions.googleapis.com/v2/projects/gillythekid-c6c48/locations/us-central1/functions/ai_prompt {"name":"projects/gillythekid-c6c48/locations/us-central1/functions/ai_prompt","buildConfig":{"runtime":"python311","entryPoint":"ai_prompt","source":{"storageSource":{"bucket":"gcf-v2-uploads-1012835367784.us-central1.cloudfunctions.appspot.com","object":"1555129c-8c0f-4f60-88fa-f0c1b68a163b.zip"}},"environmentVariables":{"GOOGLE_NODE_RUN_SCRIPTS":""}},"serviceConfig":{"environmentVariables":{"FIREBASE_CONFIG":"{\"projectId\":\"gillythekid-c6c48\",\"storageBucket\":\"gillythekid-c6c48.firebasestorage.app\"}","GCLOUD_PROJECT":"gillythekid-c6c48","EVENTARC_CLOUD_EVENT_SOURCE":"projects/gillythekid-c6c48/locations/us-central1/services/ai_prompt","FUNCTION_TARGET":"ai_prompt","LOG_EXECUTION_ID":"true"},"secretEnvironmentVariables":[],"ingressSettings":null,"timeoutSeconds":null,"serviceAccountEmail":null,"availableMemory":"256Mi","minInstanceCount":null,"maxInstanceCount":null,"maxInstanceRequestConcurrency":80,"availableCpu":"1"},"labels":{"deployment-tool":"cli-firebase","firebase-functions-hash":"2d47fc8b3954a1b6541f544163f7db0fc0ad2b01"}}
[debug] [2026-01-18T18:27:08.528Z] <<< [apiv2][status] PATCH https://cloudfunctions.googleapis.com/v2/projects/gillythekid-c6c48/locations/us-central1/functions/ai_prompt 200
[debug] [2026-01-18T18:27:08.528Z] <<< [apiv2][body] PATCH https://cloudfunctions.googleapis.com/v2/projects/gillythekid-c6c48/locations/us-central1/functions/ai_prompt {"name":"projects/gillythekid-c6c48/locations/us-central1/operations/operation-1768760828376-648adb8de3768-6bbcca44-8b6fc069","metadata":{"@type":"type.googleapis.com/google.cloud.functions.v2.OperationMetadata","createTime":"2026-01-18T18:27:09.195998427Z","target":"projects/gillythekid-c6c48/locations/us-central1/functions/ai_prompt","verb":"update","cancelRequested":false,"apiVersion":"v2"},"done":false}
[debug] [2026-01-18T18:27:08.528Z] Checked if tokens are valid: true, expires at: 1768764408300
[debug] [2026-01-18T18:27:08.528Z] Checked if tokens are valid: true, expires at: 1768764408300
[debug] [2026-01-18T18:27:08.528Z] >>> [apiv2][query] GET https://cloudfunctions.googleapis.com/v2/projects/gillythekid-c6c48/locations/us-central1/operations/operation-1768760828376-648adb8de3768-6bbcca44-8b6fc069 [none]
[debug] [2026-01-18T18:27:08.756Z] <<< [apiv2][status] GET https://cloudfunctions.googleapis.com/v2/projects/gillythekid-c6c48/locations/us-central1/operations/operation-1768760828376-648adb8de3768-6bbcca44-8b6fc069 200
[debug] [2026-01-18T18:27:08.756Z] <<< [apiv2][body] GET https://cloudfunctions.googleapis.com/v2/projects/gillythekid-c6c48/locations/us-central1/operations/operation-1768760828376-648adb8de3768-6bbcca44-8b6fc069 {"name":"projects/gillythekid-c6c48/locations/us-central1/operations/operation-1768760828376-648adb8de3768-6bbcca44-8b6fc069","metadata":{"@type":"type.googleapis.com/google.cloud.functions.v2.OperationMetadata","createTime":"2026-01-18T18:27:09.195998427Z","target":"projects/gillythekid-c6c48/locations/us-central1/functions/ai_prompt","verb":"update","cancelRequested":false,"apiVersion":"v2","requestResource":{"@type":"type.googleapis.com/google.cloud.functions.v2.Function","name":"projects/gillythekid-c6c48/locations/us-central1/functions/ai_prompt","buildConfig":{"runtime":"python311","entryPoint":"ai_prompt","source":{"storageSource":{"bucket":"gcf-v2-sources-1012835367784-us-central1","object":"ai_prompt/function-source.zip","generation":"1768760829119996"}},"environmentVariables":{"GOOGLE_NODE_RUN_SCRIPTS":""},"dockerRepository":"projects/gillythekid-c6c48/locations/us-central1/repositories/gcf-artifacts","sourceProvenance":{"resolvedStorageSource":{"bucket":"gcf-v2-sources-1012835367784-us-central1","object":"ai_prompt/function-source.zip","generation":"1768752462717403"}},"dockerRegistry":"ARTIFACT_REGISTRY","serviceAccount":"projects/gillythekid-c6c48/serviceAccounts/1012835367784-compute@developer.gserviceaccount.com","automaticUpdatePolicy":{}},"serviceConfig":{"service":"projects/gillythekid-c6c48/locations/us-central1/services/ai-prompt","timeoutSeconds":60,"environmentVariables":{"FIREBASE_CONFIG":"{\"projectId\":\"gillythekid-c6c48\",\"storageBucket\":\"gillythekid-c6c48.firebasestorage.app\"}","GCLOUD_PROJECT":"gillythekid-c6c48","EVENTARC_CLOUD_EVENT_SOURCE":"projects/gillythekid-c6c48/locations/us-central1/services/ai_prompt","FUNCTION_TARGET":"ai_prompt","LOG_EXECUTION_ID":"true"},"ingressSettings":"ALLOW_ALL","uri":"https://ai-prompt-ob3ulsycpa-uc.a.run.app","serviceAccountEmail":"1012835367784-compute@developer.gserviceaccount.com","availableMemory":"256Mi","allTrafficOnLatestRevision":true,"revision":"ai-prompt-00002-muw","maxInstanceRequestConcurrency":80,"availableCpu":"1"},"state":"ACTIVE","labels":{"deployment-tool":"cli-firebase","firebase-functions-hash":"2d47fc8b3954a1b6541f544163f7db0fc0ad2b01"},"environment":"GEN_2","url":"https://us-central1-gillythekid-c6c48.cloudfunctions.net/ai_prompt","satisfiesPzi":true},"stages":[{"name":"BUILD","state":"NOT_STARTED"},{"name":"SERVICE","state":"NOT_STARTED"}],"operationType":"UPDATE_FUNCTION"},"done":false}
[debug] [2026-01-18T18:27:09.268Z] [update-default-us-central1-ai_prompt] Retrying task index 0
[debug] [2026-01-18T18:27:09.268Z] Checked if tokens are valid: true, expires at: 1768764408300
[debug] [2026-01-18T18:27:09.268Z] Checked if tokens are valid: true, expires at: 1768764408300
[debug] [2026-01-18T18:27:09.269Z] >>> [apiv2][query] GET https://cloudfunctions.googleapis.com/v2/projects/gillythekid-c6c48/locations/us-central1/operations/operation-1768760828376-648adb8de3768-6bbcca44-8b6fc069 [none]
[debug] [2026-01-18T18:27:09.499Z] <<< [apiv2][status] GET https://cloudfunctions.googleapis.com/v2/projects/gillythekid-c6c48/locations/us-central1/operations/operation-1768760828376-648adb8de3768-6bbcca44-8b6fc069 200
[debug] [2026-01-18T18:27:09.499Z] <<< [apiv2][body] GET https://cloudfunctions.googleapis.com/v2/projects/gillythekid-c6c48/locations/us-central1/operations/operation-1768760828376-648adb8de3768-6bbcca44-8b6fc069 {"name":"projects/gillythekid-c6c48/locations/us-central1/operations/operation-1768760828376-648adb8de3768-6bbcca44-8b6fc069","metadata":{"@type":"type.googleapis.com/google.cloud.functions.v2.OperationMetadata","createTime":"2026-01-18T18:27:09.195998427Z","target":"projects/gillythekid-c6c48/locations/us-central1/functions/ai_prompt","verb":"update","cancelRequested":false,"apiVersion":"v2","requestResource":{"@type":"type.googleapis.com/google.cloud.functions.v2.Function","name":"projects/gillythekid-c6c48/locations/us-central1/functions/ai_prompt","buildConfig":{"runtime":"python311","entryPoint":"ai_prompt","source":{"storageSource":{"bucket":"gcf-v2-sources-1012835367784-us-central1","object":"ai_prompt/function-source.zip","generation":"1768760829119996"}},"environmentVariables":{"GOOGLE_NODE_RUN_SCRIPTS":""},"dockerRepository":"projects/gillythekid-c6c48/locations/us-central1/repositories/gcf-artifacts","sourceProvenance":{"resolvedStorageSource":{"bucket":"gcf-v2-sources-1012835367784-us-central1","object":"ai_prompt/function-source.zip","generation":"1768752462717403"}},"dockerRegistry":"ARTIFACT_REGISTRY","serviceAccount":"projects/gillythekid-c6c48/serviceAccounts/1012835367784-compute@developer.gserviceaccount.com","automaticUpdatePolicy":{}},"serviceConfig":{"service":"projects/gillythekid-c6c48/locations/us-central1/services/ai-prompt","timeoutSeconds":60,"environmentVariables":{"FIREBASE_CONFIG":"{\"projectId\":\"gillythekid-c6c48\",\"storageBucket\":\"gillythekid-c6c48.firebasestorage.app\"}","GCLOUD_PROJECT":"gillythekid-c6c48","EVENTARC_CLOUD_EVENT_SOURCE":"projects/gillythekid-c6c48/locations/us-central1/services/ai_prompt","FUNCTION_TARGET":"ai_prompt","LOG_EXECUTION_ID":"true"},"ingressSettings":"ALLOW_ALL","uri":"https://ai-prompt-ob3ulsycpa-uc.a.run.app","serviceAccountEmail":"1012835367784-compute@developer.gserviceaccount.com","availableMemory":"256Mi","allTrafficOnLatestRevision":true,"revision":"ai-prompt-00002-muw","maxInstanceRequestConcurrency":80,"availableCpu":"1"},"state":"ACTIVE","labels":{"deployment-tool":"cli-firebase","firebase-functions-hash":"2d47fc8b3954a1b6541f544163f7db0fc0ad2b01"},"environment":"GEN_2","url":"https://us-central1-gillythekid-c6c48.cloudfunctions.net/ai_prompt","satisfiesPzi":true},"stages":[{"name":"BUILD","message":"Build in progress","state":"IN_PROGRESS","resource":"projects/1012835367784/locations/us-central1/builds/603b66bb-a0d6-4234-b5c0-815b821315a4","resourceUri":"https://console.cloud.google.com/cloud-build/builds;region=us-central1/603b66bb-a0d6-4234-b5c0-815b821315a4?project=1012835367784"},{"name":"SERVICE","state":"NOT_STARTED"}],"operationType":"UPDATE_FUNCTION","buildName":"projects/1012835367784/locations/us-central1/builds/603b66bb-a0d6-4234-b5c0-815b821315a4"},"done":false}
[debug] [2026-01-18T18:27:10.502Z] [update-default-us-central1-ai_prompt] Retrying task index 0
[debug] [2026-01-18T18:27:10.502Z] Checked if tokens are valid: true, expires at: 1768764408300
[debug] [2026-01-18T18:27:10.502Z] Checked if tokens are valid: true, expires at: 1768764408300
[debug] [2026-01-18T18:27:10.502Z] >>> [apiv2][query] GET https://cloudfunctions.googleapis.com/v2/projects/gillythekid-c6c48/locations/us-central1/operations/operation-1768760828376-648adb8de3768-6bbcca44-8b6fc069 [none]
[debug] [2026-01-18T18:27:10.611Z] <<< [apiv2][status] GET https://cloudfunctions.googleapis.com/v2/projects/gillythekid-c6c48/locations/us-central1/operations/operation-1768760828376-648adb8de3768-6bbcca44-8b6fc069 200
[debug] [2026-01-18T18:27:10.611Z] <<< [apiv2][body] GET https://cloudfunctions.googleapis.com/v2/projects/gillythekid-c6c48/locations/us-central1/operations/operation-1768760828376-648adb8de3768-6bbcca44-8b6fc069 {"name":"projects/gillythekid-c6c48/locations/us-central1/operations/operation-1768760828376-648adb8de3768-6bbcca44-8b6fc069","metadata":{"@type":"type.googleapis.com/google.cloud.functions.v2.OperationMetadata","createTime":"2026-01-18T18:27:09.195998427Z","target":"projects/gillythekid-c6c48/locations/us-central1/functions/ai_prompt","verb":"update","cancelRequested":false,"apiVersion":"v2","requestResource":{"@type":"type.googleapis.com/google.cloud.functions.v2.Function","name":"projects/gillythekid-c6c48/locations/us-central1/functions/ai_prompt","buildConfig":{"runtime":"python311","entryPoint":"ai_prompt","source":{"storageSource":{"bucket":"gcf-v2-sources-1012835367784-us-central1","object":"ai_prompt/function-source.zip","generation":"1768760829119996"}},"environmentVariables":{"GOOGLE_NODE_RUN_SCRIPTS":""},"dockerRepository":"projects/gillythekid-c6c48/locations/us-central1/repositories/gcf-artifacts","sourceProvenance":{"resolvedStorageSource":{"bucket":"gcf-v2-sources-1012835367784-us-central1","object":"ai_prompt/function-source.zip","generation":"1768752462717403"}},"dockerRegistry":"ARTIFACT_REGISTRY","serviceAccount":"projects/gillythekid-c6c48/serviceAccounts/1012835367784-compute@developer.gserviceaccount.com","automaticUpdatePolicy":{}},"serviceConfig":{"service":"projects/gillythekid-c6c48/locations/us-central1/services/ai-prompt","timeoutSeconds":60,"environmentVariables":{"FIREBASE_CONFIG":"{\"projectId\":\"gillythekid-c6c48\",\"storageBucket\":\"gillythekid-c6c48.firebasestorage.app\"}","GCLOUD_PROJECT":"gillythekid-c6c48","EVENTARC_CLOUD_EVENT_SOURCE":"projects/gillythekid-c6c48/locations/us-central1/services/ai_prompt","FUNCTION_TARGET":"ai_prompt","LOG_EXECUTION_ID":"true"},"ingressSettings":"ALLOW_ALL","uri":"https://ai-prompt-ob3ulsycpa-uc.a.run.app","serviceAccountEmail":"1012835367784-compute@developer.gserviceaccount.com","availableMemory":"256Mi","allTrafficOnLatestRevision":true,"revision":"ai-prompt-00002-muw","maxInstanceRequestConcurrency":80,"availableCpu":"1"},"state":"ACTIVE","labels":{"deployment-tool":"cli-firebase","firebase-functions-hash":"2d47fc8b3954a1b6541f544163f7db0fc0ad2b01"},"environment":"GEN_2","url":"https://us-central1-gillythekid-c6c48.cloudfunctions.net/ai_prompt","satisfiesPzi":true},"stages":[{"name":"BUILD","message":"Build in progress","state":"IN_PROGRESS","resource":"projects/1012835367784/locations/us-central1/builds/603b66bb-a0d6-4234-b5c0-815b821315a4","resourceUri":"https://console.cloud.google.com/cloud-build/builds;region=us-central1/603b66bb-a0d6-4234-b5c0-815b821315a4?project=1012835367784"},{"name":"SERVICE","state":"NOT_STARTED"}],"operationType":"UPDATE_FUNCTION","buildName":"projects/1012835367784/locations/us-central1/builds/603b66bb-a0d6-4234-b5c0-815b821315a4"},"done":false}
[debug] [2026-01-18T18:27:12.615Z] [update-default-us-central1-ai_prompt] Retrying task index 0
[debug] [2026-01-18T18:27:12.615Z] Checked if tokens are valid: true, expires at: 1768764408300
[debug] [2026-01-18T18:27:12.615Z] Checked if tokens are valid: true, expires at: 1768764408300
[debug] [2026-01-18T18:27:12.615Z] >>> [apiv2][query] GET https://cloudfunctions.googleapis.com/v2/projects/gillythekid-c6c48/locations/us-central1/operations/operation-1768760828376-648adb8de3768-6bbcca44-8b6fc069 [none]
[debug] [2026-01-18T18:27:12.936Z] <<< [apiv2][status] GET https://cloudfunctions.googleapis.com/v2/projects/gillythekid-c6c48/locations/us-central1/operations/operation-1768760828376-648adb8de3768-6bbcca44-8b6fc069 200
[debug] [2026-01-18T18:27:12.936Z] <<< [apiv2][body] GET https://cloudfunctions.googleapis.com/v2/projects/gillythekid-c6c48/locations/us-central1/operations/operation-1768760828376-648adb8de3768-6bbcca44-8b6fc069 {"name":"projects/gillythekid-c6c48/locations/us-central1/operations/operation-1768760828376-648adb8de3768-6bbcca44-8b6fc069","metadata":{"@type":"type.googleapis.com/google.cloud.functions.v2.OperationMetadata","createTime":"2026-01-18T18:27:09.195998427Z","target":"projects/gillythekid-c6c48/locations/us-central1/functions/ai_prompt","verb":"update","cancelRequested":false,"apiVersion":"v2","requestResource":{"@type":"type.googleapis.com/google.cloud.functions.v2.Function","name":"projects/gillythekid-c6c48/locations/us-central1/functions/ai_prompt","buildConfig":{"runtime":"python311","entryPoint":"ai_prompt","source":{"storageSource":{"bucket":"gcf-v2-sources-1012835367784-us-central1","object":"ai_prompt/function-source.zip","generation":"1768760829119996"}},"environmentVariables":{"GOOGLE_NODE_RUN_SCRIPTS":""},"dockerRepository":"projects/gillythekid-c6c48/locations/us-central1/repositories/gcf-artifacts","sourceProvenance":{"resolvedStorageSource":{"bucket":"gcf-v2-sources-1012835367784-us-central1","object":"ai_prompt/function-source.zip","generation":"1768752462717403"}},"dockerRegistry":"ARTIFACT_REGISTRY","serviceAccount":"projects/gillythekid-c6c48/serviceAccounts/1012835367784-compute@developer.gserviceaccount.com","automaticUpdatePolicy":{}},"serviceConfig":{"service":"projects/gillythekid-c6c48/locations/us-central1/services/ai-prompt","timeoutSeconds":60,"environmentVariables":{"FIREBASE_CONFIG":"{\"projectId\":\"gillythekid-c6c48\",\"storageBucket\":\"gillythekid-c6c48.firebasestorage.app\"}","GCLOUD_PROJECT":"gillythekid-c6c48","EVENTARC_CLOUD_EVENT_SOURCE":"projects/gillythekid-c6c48/locations/us-central1/services/ai_prompt","FUNCTION_TARGET":"ai_prompt","LOG_EXECUTION_ID":"true"},"ingressSettings":"ALLOW_ALL","uri":"https://ai-prompt-ob3ulsycpa-uc.a.run.app","serviceAccountEmail":"1012835367784-compute@developer.gserviceaccount.com","availableMemory":"256Mi","allTrafficOnLatestRevision":true,"revision":"ai-prompt-00002-muw","maxInstanceRequestConcurrency":80,"availableCpu":"1"},"state":"ACTIVE","labels":{"deployment-tool":"cli-firebase","firebase-functions-hash":"2d47fc8b3954a1b6541f544163f7db0fc0ad2b01"},"environment":"GEN_2","url":"https://us-central1-gillythekid-c6c48.cloudfunctions.net/ai_prompt","satisfiesPzi":true},"stages":[{"name":"BUILD","message":"Build in progress","state":"IN_PROGRESS","resource":"projects/1012835367784/locations/us-central1/builds/603b66bb-a0d6-4234-b5c0-815b821315a4","resourceUri":"https://console.cloud.google.com/cloud-build/builds;region=us-central1/603b66bb-a0d6-4234-b5c0-815b821315a4?project=1012835367784"},{"name":"SERVICE","state":"NOT_STARTED"}],"operationType":"UPDATE_FUNCTION","buildName":"projects/1012835367784/locations/us-central1/builds/603b66bb-a0d6-4234-b5c0-815b821315a4"},"done":false}
[debug] [2026-01-18T18:27:16.945Z] [update-default-us-central1-ai_prompt] Retrying task index 0
[debug] [2026-01-18T18:27:16.946Z] Checked if tokens are valid: true, expires at: 1768764408300
[debug] [2026-01-18T18:27:16.946Z] Checked if tokens are valid: true, expires at: 1768764408300
[debug] [2026-01-18T18:27:16.946Z] >>> [apiv2][query] GET https://cloudfunctions.googleapis.com/v2/projects/gillythekid-c6c48/locations/us-central1/operations/operation-1768760828376-648adb8de3768-6bbcca44-8b6fc069 [none]
[debug] [2026-01-18T18:27:17.167Z] <<< [apiv2][status] GET https://cloudfunctions.googleapis.com/v2/projects/gillythekid-c6c48/locations/us-central1/operations/operation-1768760828376-648adb8de3768-6bbcca44-8b6fc069 200
[debug] [2026-01-18T18:27:17.168Z] <<< [apiv2][body] GET https://cloudfunctions.googleapis.com/v2/projects/gillythekid-c6c48/locations/us-central1/operations/operation-1768760828376-648adb8de3768-6bbcca44-8b6fc069 {"name":"projects/gillythekid-c6c48/locations/us-central1/operations/operation-1768760828376-648adb8de3768-6bbcca44-8b6fc069","metadata":{"@type":"type.googleapis.com/google.cloud.functions.v2.OperationMetadata","createTime":"2026-01-18T18:27:09.195998427Z","target":"projects/gillythekid-c6c48/locations/us-central1/functions/ai_prompt","verb":"update","cancelRequested":false,"apiVersion":"v2","requestResource":{"@type":"type.googleapis.com/google.cloud.functions.v2.Function","name":"projects/gillythekid-c6c48/locations/us-central1/functions/ai_prompt","buildConfig":{"runtime":"python311","entryPoint":"ai_prompt","source":{"storageSource":{"bucket":"gcf-v2-sources-1012835367784-us-central1","object":"ai_prompt/function-source.zip","generation":"1768760829119996"}},"environmentVariables":{"GOOGLE_NODE_RUN_SCRIPTS":""},"dockerRepository":"projects/gillythekid-c6c48/locations/us-central1/repositories/gcf-artifacts","sourceProvenance":{"resolvedStorageSource":{"bucket":"gcf-v2-sources-1012835367784-us-central1","object":"ai_prompt/function-source.zip","generation":"1768752462717403"}},"dockerRegistry":"ARTIFACT_REGISTRY","serviceAccount":"projects/gillythekid-c6c48/serviceAccounts/1012835367784-compute@developer.gserviceaccount.com","automaticUpdatePolicy":{}},"serviceConfig":{"service":"projects/gillythekid-c6c48/locations/us-central1/services/ai-prompt","timeoutSeconds":60,"environmentVariables":{"FIREBASE_CONFIG":"{\"projectId\":\"gillythekid-c6c48\",\"storageBucket\":\"gillythekid-c6c48.firebasestorage.app\"}","GCLOUD_PROJECT":"gillythekid-c6c48","EVENTARC_CLOUD_EVENT_SOURCE":"projects/gillythekid-c6c48/locations/us-central1/services/ai_prompt","FUNCTION_TARGET":"ai_prompt","LOG_EXECUTION_ID":"true"},"ingressSettings":"ALLOW_ALL","uri":"https://ai-prompt-ob3ulsycpa-uc.a.run.app","serviceAccountEmail":"1012835367784-compute@developer.gserviceaccount.com","availableMemory":"256Mi","allTrafficOnLatestRevision":true,"revision":"ai-prompt-00002-muw","maxInstanceRequestConcurrency":80,"availableCpu":"1"},"state":"ACTIVE","labels":{"deployment-tool":"cli-firebase","firebase-functions-hash":"2d47fc8b3954a1b6541f544163f7db0fc0ad2b01"},"environment":"GEN_2","url":"https://us-central1-gillythekid-c6c48.cloudfunctions.net/ai_prompt","satisfiesPzi":true},"stages":[{"name":"BUILD","message":"Build in progress","state":"IN_PROGRESS","resource":"projects/1012835367784/locations/us-central1/builds/603b66bb-a0d6-4234-b5c0-815b821315a4","resourceUri":"https://console.cloud.google.com/cloud-build/builds;region=us-central1/603b66bb-a0d6-4234-b5c0-815b821315a4?project=1012835367784"},{"name":"SERVICE","state":"NOT_STARTED"}],"operationType":"UPDATE_FUNCTION","buildName":"projects/1012835367784/locations/us-central1/builds/603b66bb-a0d6-4234-b5c0-815b821315a4"},"done":false}
[debug] [2026-01-18T18:27:25.168Z] [update-default-us-central1-ai_prompt] Retrying task index 0
[debug] [2026-01-18T18:27:25.168Z] Checked if tokens are valid: true, expires at: 1768764408300
[debug] [2026-01-18T18:27:25.168Z] Checked if tokens are valid: true, expires at: 1768764408300
[debug] [2026-01-18T18:27:25.168Z] >>> [apiv2][query] GET https://cloudfunctions.googleapis.com/v2/projects/gillythekid-c6c48/locations/us-central1/operations/operation-1768760828376-648adb8de3768-6bbcca44-8b6fc069 [none]
[debug] [2026-01-18T18:27:25.427Z] <<< [apiv2][status] GET https://cloudfunctions.googleapis.com/v2/projects/gillythekid-c6c48/locations/us-central1/operations/operation-1768760828376-648adb8de3768-6bbcca44-8b6fc069 200
[debug] [2026-01-18T18:27:25.427Z] <<< [apiv2][body] GET https://cloudfunctions.googleapis.com/v2/projects/gillythekid-c6c48/locations/us-central1/operations/operation-1768760828376-648adb8de3768-6bbcca44-8b6fc069 {"name":"projects/gillythekid-c6c48/locations/us-central1/operations/operation-1768760828376-648adb8de3768-6bbcca44-8b6fc069","metadata":{"@type":"type.googleapis.com/google.cloud.functions.v2.OperationMetadata","createTime":"2026-01-18T18:27:09.195998427Z","target":"projects/gillythekid-c6c48/locations/us-central1/functions/ai_prompt","verb":"update","cancelRequested":false,"apiVersion":"v2","requestResource":{"@type":"type.googleapis.com/google.cloud.functions.v2.Function","name":"projects/gillythekid-c6c48/locations/us-central1/functions/ai_prompt","buildConfig":{"runtime":"python311","entryPoint":"ai_prompt","source":{"storageSource":{"bucket":"gcf-v2-sources-1012835367784-us-central1","object":"ai_prompt/function-source.zip","generation":"1768760829119996"}},"environmentVariables":{"GOOGLE_NODE_RUN_SCRIPTS":""},"dockerRepository":"projects/gillythekid-c6c48/locations/us-central1/repositories/gcf-artifacts","sourceProvenance":{"resolvedStorageSource":{"bucket":"gcf-v2-sources-1012835367784-us-central1","object":"ai_prompt/function-source.zip","generation":"1768752462717403"}},"dockerRegistry":"ARTIFACT_REGISTRY","serviceAccount":"projects/gillythekid-c6c48/serviceAccounts/1012835367784-compute@developer.gserviceaccount.com","automaticUpdatePolicy":{}},"serviceConfig":{"service":"projects/gillythekid-c6c48/locations/us-central1/services/ai-prompt","timeoutSeconds":60,"environmentVariables":{"FIREBASE_CONFIG":"{\"projectId\":\"gillythekid-c6c48\",\"storageBucket\":\"gillythekid-c6c48.firebasestorage.app\"}","GCLOUD_PROJECT":"gillythekid-c6c48","EVENTARC_CLOUD_EVENT_SOURCE":"projects/gillythekid-c6c48/locations/us-central1/services/ai_prompt","FUNCTION_TARGET":"ai_prompt","LOG_EXECUTION_ID":"true"},"ingressSettings":"ALLOW_ALL","uri":"https://ai-prompt-ob3ulsycpa-uc.a.run.app","serviceAccountEmail":"1012835367784-compute@developer.gserviceaccount.com","availableMemory":"256Mi","allTrafficOnLatestRevision":true,"revision":"ai-prompt-00002-muw","maxInstanceRequestConcurrency":80,"availableCpu":"1"},"state":"ACTIVE","labels":{"deployment-tool":"cli-firebase","firebase-functions-hash":"2d47fc8b3954a1b6541f544163f7db0fc0ad2b01"},"environment":"GEN_2","url":"https://us-central1-gillythekid-c6c48.cloudfunctions.net/ai_prompt","satisfiesPzi":true},"stages":[{"name":"BUILD","message":"Build in progress","state":"IN_PROGRESS","resource":"projects/1012835367784/locations/us-central1/builds/603b66bb-a0d6-4234-b5c0-815b821315a4","resourceUri":"https://console.cloud.google.com/cloud-build/builds;region=us-central1/603b66bb-a0d6-4234-b5c0-815b821315a4?project=1012835367784"},{"name":"SERVICE","state":"NOT_STARTED"}],"operationType":"UPDATE_FUNCTION","buildName":"projects/1012835367784/locations/us-central1/builds/603b66bb-a0d6-4234-b5c0-815b821315a4"},"done":false}
[debug] [2026-01-18T18:27:35.432Z] [update-default-us-central1-ai_prompt] Retrying task index 0
[debug] [2026-01-18T18:27:35.433Z] Checked if tokens are valid: true, expires at: 1768764408300
[debug] [2026-01-18T18:27:35.433Z] Checked if tokens are valid: true, expires at: 1768764408300
[debug] [2026-01-18T18:27:35.433Z] >>> [apiv2][query] GET https://cloudfunctions.googleapis.com/v2/projects/gillythekid-c6c48/locations/us-central1/operations/operation-1768760828376-648adb8de3768-6bbcca44-8b6fc069 [none]
[debug] [2026-01-18T18:27:35.704Z] <<< [apiv2][status] GET https://cloudfunctions.googleapis.com/v2/projects/gillythekid-c6c48/locations/us-central1/operations/operation-1768760828376-648adb8de3768-6bbcca44-8b6fc069 200
[debug] [2026-01-18T18:27:35.704Z] <<< [apiv2][body] GET https://cloudfunctions.googleapis.com/v2/projects/gillythekid-c6c48/locations/us-central1/operations/operation-1768760828376-648adb8de3768-6bbcca44-8b6fc069 {"name":"projects/gillythekid-c6c48/locations/us-central1/operations/operation-1768760828376-648adb8de3768-6bbcca44-8b6fc069","metadata":{"@type":"type.googleapis.com/google.cloud.functions.v2.OperationMetadata","createTime":"2026-01-18T18:27:09.195998427Z","target":"projects/gillythekid-c6c48/locations/us-central1/functions/ai_prompt","verb":"update","cancelRequested":false,"apiVersion":"v2","requestResource":{"@type":"type.googleapis.com/google.cloud.functions.v2.Function","name":"projects/gillythekid-c6c48/locations/us-central1/functions/ai_prompt","buildConfig":{"runtime":"python311","entryPoint":"ai_prompt","source":{"storageSource":{"bucket":"gcf-v2-sources-1012835367784-us-central1","object":"ai_prompt/function-source.zip","generation":"1768760829119996"}},"environmentVariables":{"GOOGLE_NODE_RUN_SCRIPTS":""},"dockerRepository":"projects/gillythekid-c6c48/locations/us-central1/repositories/gcf-artifacts","sourceProvenance":{"resolvedStorageSource":{"bucket":"gcf-v2-sources-1012835367784-us-central1","object":"ai_prompt/function-source.zip","generation":"1768752462717403"}},"dockerRegistry":"ARTIFACT_REGISTRY","serviceAccount":"projects/gillythekid-c6c48/serviceAccounts/1012835367784-compute@developer.gserviceaccount.com","automaticUpdatePolicy":{}},"serviceConfig":{"service":"projects/gillythekid-c6c48/locations/us-central1/services/ai-prompt","timeoutSeconds":60,"environmentVariables":{"FIREBASE_CONFIG":"{\"projectId\":\"gillythekid-c6c48\",\"storageBucket\":\"gillythekid-c6c48.firebasestorage.app\"}","GCLOUD_PROJECT":"gillythekid-c6c48","EVENTARC_CLOUD_EVENT_SOURCE":"projects/gillythekid-c6c48/locations/us-central1/services/ai_prompt","FUNCTION_TARGET":"ai_prompt","LOG_EXECUTION_ID":"true"},"ingressSettings":"ALLOW_ALL","uri":"https://ai-prompt-ob3ulsycpa-uc.a.run.app","serviceAccountEmail":"1012835367784-compute@developer.gserviceaccount.com","availableMemory":"256Mi","allTrafficOnLatestRevision":true,"revision":"ai-prompt-00002-muw","maxInstanceRequestConcurrency":80,"availableCpu":"1"},"state":"ACTIVE","labels":{"deployment-tool":"cli-firebase","firebase-functions-hash":"2d47fc8b3954a1b6541f544163f7db0fc0ad2b01"},"environment":"GEN_2","url":"https://us-central1-gillythekid-c6c48.cloudfunctions.net/ai_prompt","satisfiesPzi":true},"stages":[{"name":"BUILD","message":"Build in progress","state":"IN_PROGRESS","resource":"projects/1012835367784/locations/us-central1/builds/603b66bb-a0d6-4234-b5c0-815b821315a4","resourceUri":"https://console.cloud.google.com/cloud-build/builds;region=us-central1/603b66bb-a0d6-4234-b5c0-815b821315a4?project=1012835367784"},{"name":"SERVICE","state":"NOT_STARTED"}],"operationType":"UPDATE_FUNCTION","buildName":"projects/1012835367784/locations/us-central1/builds/603b66bb-a0d6-4234-b5c0-815b821315a4"},"done":false}
[debug] [2026-01-18T18:27:45.717Z] [update-default-us-central1-ai_prompt] Retrying task index 0
[debug] [2026-01-18T18:27:45.717Z] Checked if tokens are valid: true, expires at: 1768764408300
[debug] [2026-01-18T18:27:45.717Z] Checked if tokens are valid: true, expires at: 1768764408300
[debug] [2026-01-18T18:27:45.717Z] >>> [apiv2][query] GET https://cloudfunctions.googleapis.com/v2/projects/gillythekid-c6c48/locations/us-central1/operations/operation-1768760828376-648adb8de3768-6bbcca44-8b6fc069 [none]
[debug] [2026-01-18T18:27:45.981Z] <<< [apiv2][status] GET https://cloudfunctions.googleapis.com/v2/projects/gillythekid-c6c48/locations/us-central1/operations/operation-1768760828376-648adb8de3768-6bbcca44-8b6fc069 200
[debug] [2026-01-18T18:27:45.981Z] <<< [apiv2][body] GET https://cloudfunctions.googleapis.com/v2/projects/gillythekid-c6c48/locations/us-central1/operations/operation-1768760828376-648adb8de3768-6bbcca44-8b6fc069 {"name":"projects/gillythekid-c6c48/locations/us-central1/operations/operation-1768760828376-648adb8de3768-6bbcca44-8b6fc069","metadata":{"@type":"type.googleapis.com/google.cloud.functions.v2.OperationMetadata","createTime":"2026-01-18T18:27:09.195998427Z","target":"projects/gillythekid-c6c48/locations/us-central1/functions/ai_prompt","verb":"update","cancelRequested":false,"apiVersion":"v2","requestResource":{"@type":"type.googleapis.com/google.cloud.functions.v2.Function","name":"projects/gillythekid-c6c48/locations/us-central1/functions/ai_prompt","buildConfig":{"runtime":"python311","entryPoint":"ai_prompt","source":{"storageSource":{"bucket":"gcf-v2-sources-1012835367784-us-central1","object":"ai_prompt/function-source.zip","generation":"1768760829119996"}},"environmentVariables":{"GOOGLE_NODE_RUN_SCRIPTS":""},"dockerRepository":"projects/gillythekid-c6c48/locations/us-central1/repositories/gcf-artifacts","sourceProvenance":{"resolvedStorageSource":{"bucket":"gcf-v2-sources-1012835367784-us-central1","object":"ai_prompt/function-source.zip","generation":"1768752462717403"}},"dockerRegistry":"ARTIFACT_REGISTRY","serviceAccount":"projects/gillythekid-c6c48/serviceAccounts/1012835367784-compute@developer.gserviceaccount.com","automaticUpdatePolicy":{}},"serviceConfig":{"service":"projects/gillythekid-c6c48/locations/us-central1/services/ai-prompt","timeoutSeconds":60,"environmentVariables":{"FIREBASE_CONFIG":"{\"projectId\":\"gillythekid-c6c48\",\"storageBucket\":\"gillythekid-c6c48.firebasestorage.app\"}","GCLOUD_PROJECT":"gillythekid-c6c48","EVENTARC_CLOUD_EVENT_SOURCE":"projects/gillythekid-c6c48/locations/us-central1/services/ai_prompt","FUNCTION_TARGET":"ai_prompt","LOG_EXECUTION_ID":"true"},"ingressSettings":"ALLOW_ALL","uri":"https://ai-prompt-ob3ulsycpa-uc.a.run.app","serviceAccountEmail":"1012835367784-compute@developer.gserviceaccount.com","availableMemory":"256Mi","allTrafficOnLatestRevision":true,"revision":"ai-prompt-00002-muw","maxInstanceRequestConcurrency":80,"availableCpu":"1"},"state":"ACTIVE","labels":{"deployment-tool":"cli-firebase","firebase-functions-hash":"2d47fc8b3954a1b6541f544163f7db0fc0ad2b01"},"environment":"GEN_2","url":"https://us-central1-gillythekid-c6c48.cloudfunctions.net/ai_prompt","satisfiesPzi":true},"stages":[{"name":"BUILD","message":"Build in progress","state":"IN_PROGRESS","resource":"projects/1012835367784/locations/us-central1/builds/603b66bb-a0d6-4234-b5c0-815b821315a4","resourceUri":"https://console.cloud.google.com/cloud-build/builds;region=us-central1/603b66bb-a0d6-4234-b5c0-815b821315a4?project=1012835367784"},{"name":"SERVICE","state":"NOT_STARTED"}],"operationType":"UPDATE_FUNCTION","buildName":"projects/1012835367784/locations/us-central1/builds/603b66bb-a0d6-4234-b5c0-815b821315a4"},"done":false}
[debug] [2026-01-18T18:27:55.984Z] [update-default-us-central1-ai_prompt] Retrying task index 0
[debug] [2026-01-18T18:27:55.984Z] Checked if tokens are valid: true, expires at: 1768764408300
[debug] [2026-01-18T18:27:55.984Z] Checked if tokens are valid: true, expires at: 1768764408300
[debug] [2026-01-18T18:27:55.984Z] >>> [apiv2][query] GET https://cloudfunctions.googleapis.com/v2/projects/gillythekid-c6c48/locations/us-central1/operations/operation-1768760828376-648adb8de3768-6bbcca44-8b6fc069 [none]
[debug] [2026-01-18T18:27:56.249Z] <<< [apiv2][status] GET https://cloudfunctions.googleapis.com/v2/projects/gillythekid-c6c48/locations/us-central1/operations/operation-1768760828376-648adb8de3768-6bbcca44-8b6fc069 200
[debug] [2026-01-18T18:27:56.249Z] <<< [apiv2][body] GET https://cloudfunctions.googleapis.com/v2/projects/gillythekid-c6c48/locations/us-central1/operations/operation-1768760828376-648adb8de3768-6bbcca44-8b6fc069 {"name":"projects/gillythekid-c6c48/locations/us-central1/operations/operation-1768760828376-648adb8de3768-6bbcca44-8b6fc069","metadata":{"@type":"type.googleapis.com/google.cloud.functions.v2.OperationMetadata","createTime":"2026-01-18T18:27:09.195998427Z","target":"projects/gillythekid-c6c48/locations/us-central1/functions/ai_prompt","verb":"update","cancelRequested":false,"apiVersion":"v2","requestResource":{"@type":"type.googleapis.com/google.cloud.functions.v2.Function","name":"projects/gillythekid-c6c48/locations/us-central1/functions/ai_prompt","buildConfig":{"runtime":"python311","entryPoint":"ai_prompt","source":{"storageSource":{"bucket":"gcf-v2-sources-1012835367784-us-central1","object":"ai_prompt/function-source.zip","generation":"1768760829119996"}},"environmentVariables":{"GOOGLE_NODE_RUN_SCRIPTS":""},"dockerRepository":"projects/gillythekid-c6c48/locations/us-central1/repositories/gcf-artifacts","sourceProvenance":{"resolvedStorageSource":{"bucket":"gcf-v2-sources-1012835367784-us-central1","object":"ai_prompt/function-source.zip","generation":"1768752462717403"}},"dockerRegistry":"ARTIFACT_REGISTRY","serviceAccount":"projects/gillythekid-c6c48/serviceAccounts/1012835367784-compute@developer.gserviceaccount.com","automaticUpdatePolicy":{}},"serviceConfig":{"service":"projects/gillythekid-c6c48/locations/us-central1/services/ai-prompt","timeoutSeconds":60,"environmentVariables":{"FIREBASE_CONFIG":"{\"projectId\":\"gillythekid-c6c48\",\"storageBucket\":\"gillythekid-c6c48.firebasestorage.app\"}","GCLOUD_PROJECT":"gillythekid-c6c48","EVENTARC_CLOUD_EVENT_SOURCE":"projects/gillythekid-c6c48/locations/us-central1/services/ai_prompt","FUNCTION_TARGET":"ai_prompt","LOG_EXECUTION_ID":"true"},"ingressSettings":"ALLOW_ALL","uri":"https://ai-prompt-ob3ulsycpa-uc.a.run.app","serviceAccountEmail":"1012835367784-compute@developer.gserviceaccount.com","availableMemory":"256Mi","allTrafficOnLatestRevision":true,"revision":"ai-prompt-00002-muw","maxInstanceRequestConcurrency":80,"availableCpu":"1"},"state":"ACTIVE","labels":{"deployment-tool":"cli-firebase","firebase-functions-hash":"2d47fc8b3954a1b6541f544163f7db0fc0ad2b01"},"environment":"GEN_2","url":"https://us-central1-gillythekid-c6c48.cloudfunctions.net/ai_prompt","satisfiesPzi":true},"stages":[{"name":"BUILD","message":"Build in progress","state":"IN_PROGRESS","resource":"projects/1012835367784/locations/us-central1/builds/603b66bb-a0d6-4234-b5c0-815b821315a4","resourceUri":"https://console.cloud.google.com/cloud-build/builds;region=us-central1/603b66bb-a0d6-4234-b5c0-815b821315a4?project=1012835367784"},{"name":"SERVICE","state":"NOT_STARTED"}],"operationType":"UPDATE_FUNCTION","buildName":"projects/1012835367784/locations/us-central1/builds/603b66bb-a0d6-4234-b5c0-815b821315a4"},"done":false}
[debug] [2026-01-18T18:28:06.264Z] [update-default-us-central1-ai_prompt] Retrying task index 0
[debug] [2026-01-18T18:28:06.264Z] Checked if tokens are valid: true, expires at: 1768764408300
[debug] [2026-01-18T18:28:06.264Z] Checked if tokens are valid: true, expires at: 1768764408300
[debug] [2026-01-18T18:28:06.264Z] >>> [apiv2][query] GET https://cloudfunctions.googleapis.com/v2/projects/gillythekid-c6c48/locations/us-central1/operations/operation-1768760828376-648adb8de3768-6bbcca44-8b6fc069 [none]
[debug] [2026-01-18T18:28:06.534Z] <<< [apiv2][status] GET https://cloudfunctions.googleapis.com/v2/projects/gillythekid-c6c48/locations/us-central1/operations/operation-1768760828376-648adb8de3768-6bbcca44-8b6fc069 200
[debug] [2026-01-18T18:28:06.534Z] <<< [apiv2][body] GET https://cloudfunctions.googleapis.com/v2/projects/gillythekid-c6c48/locations/us-central1/operations/operation-1768760828376-648adb8de3768-6bbcca44-8b6fc069 {"name":"projects/gillythekid-c6c48/locations/us-central1/operations/operation-1768760828376-648adb8de3768-6bbcca44-8b6fc069","metadata":{"@type":"type.googleapis.com/google.cloud.functions.v2.OperationMetadata","createTime":"2026-01-18T18:27:09.195998427Z","target":"projects/gillythekid-c6c48/locations/us-central1/functions/ai_prompt","verb":"update","cancelRequested":false,"apiVersion":"v2","requestResource":{"@type":"type.googleapis.com/google.cloud.functions.v2.Function","name":"projects/gillythekid-c6c48/locations/us-central1/functions/ai_prompt","buildConfig":{"runtime":"python311","entryPoint":"ai_prompt","source":{"storageSource":{"bucket":"gcf-v2-sources-1012835367784-us-central1","object":"ai_prompt/function-source.zip","generation":"1768760829119996"}},"environmentVariables":{"GOOGLE_NODE_RUN_SCRIPTS":""},"dockerRepository":"projects/gillythekid-c6c48/locations/us-central1/repositories/gcf-artifacts","sourceProvenance":{"resolvedStorageSource":{"bucket":"gcf-v2-sources-1012835367784-us-central1","object":"ai_prompt/function-source.zip","generation":"1768752462717403"}},"dockerRegistry":"ARTIFACT_REGISTRY","serviceAccount":"projects/gillythekid-c6c48/serviceAccounts/1012835367784-compute@developer.gserviceaccount.com","automaticUpdatePolicy":{}},"serviceConfig":{"service":"projects/gillythekid-c6c48/locations/us-central1/services/ai-prompt","timeoutSeconds":60,"environmentVariables":{"FIREBASE_CONFIG":"{\"projectId\":\"gillythekid-c6c48\",\"storageBucket\":\"gillythekid-c6c48.firebasestorage.app\"}","GCLOUD_PROJECT":"gillythekid-c6c48","EVENTARC_CLOUD_EVENT_SOURCE":"projects/gillythekid-c6c48/locations/us-central1/services/ai_prompt","FUNCTION_TARGET":"ai_prompt","LOG_EXECUTION_ID":"true"},"ingressSettings":"ALLOW_ALL","uri":"https://ai-prompt-ob3ulsycpa-uc.a.run.app","serviceAccountEmail":"1012835367784-compute@developer.gserviceaccount.com","availableMemory":"256Mi","allTrafficOnLatestRevision":true,"revision":"ai-prompt-00002-muw","maxInstanceRequestConcurrency":80,"availableCpu":"1"},"state":"ACTIVE","labels":{"deployment-tool":"cli-firebase","firebase-functions-hash":"2d47fc8b3954a1b6541f544163f7db0fc0ad2b01"},"environment":"GEN_2","url":"https://us-central1-gillythekid-c6c48.cloudfunctions.net/ai_prompt","satisfiesPzi":true},"stages":[{"name":"BUILD","message":"Build in progress","state":"IN_PROGRESS","resource":"projects/1012835367784/locations/us-central1/builds/603b66bb-a0d6-4234-b5c0-815b821315a4","resourceUri":"https://console.cloud.google.com/cloud-build/builds;region=us-central1/603b66bb-a0d6-4234-b5c0-815b821315a4?project=1012835367784"},{"name":"SERVICE","state":"NOT_STARTED"}],"operationType":"UPDATE_FUNCTION","buildName":"projects/1012835367784/locations/us-central1/builds/603b66bb-a0d6-4234-b5c0-815b821315a4"},"done":false}
[debug] [2026-01-18T18:28:16.541Z] [update-default-us-central1-ai_prompt] Retrying task index 0
[debug] [2026-01-18T18:28:16.541Z] Checked if tokens are valid: true, expires at: 1768764408300
[debug] [2026-01-18T18:28:16.541Z] Checked if tokens are valid: true, expires at: 1768764408300
[debug] [2026-01-18T18:28:16.542Z] >>> [apiv2][query] GET https://cloudfunctions.googleapis.com/v2/projects/gillythekid-c6c48/locations/us-central1/operations/operation-1768760828376-648adb8de3768-6bbcca44-8b6fc069 [none]
[debug] [2026-01-18T18:28:16.812Z] <<< [apiv2][status] GET https://cloudfunctions.googleapis.com/v2/projects/gillythekid-c6c48/locations/us-central1/operations/operation-1768760828376-648adb8de3768-6bbcca44-8b6fc069 200
[debug] [2026-01-18T18:28:16.812Z] <<< [apiv2][body] GET https://cloudfunctions.googleapis.com/v2/projects/gillythekid-c6c48/locations/us-central1/operations/operation-1768760828376-648adb8de3768-6bbcca44-8b6fc069 {"name":"projects/gillythekid-c6c48/locations/us-central1/operations/operation-1768760828376-648adb8de3768-6bbcca44-8b6fc069","metadata":{"@type":"type.googleapis.com/google.cloud.functions.v2.OperationMetadata","createTime":"2026-01-18T18:27:09.195998427Z","target":"projects/gillythekid-c6c48/locations/us-central1/functions/ai_prompt","verb":"update","cancelRequested":false,"apiVersion":"v2","requestResource":{"@type":"type.googleapis.com/google.cloud.functions.v2.Function","name":"projects/gillythekid-c6c48/locations/us-central1/functions/ai_prompt","buildConfig":{"runtime":"python311","entryPoint":"ai_prompt","source":{"storageSource":{"bucket":"gcf-v2-sources-1012835367784-us-central1","object":"ai_prompt/function-source.zip","generation":"1768760829119996"}},"environmentVariables":{"GOOGLE_NODE_RUN_SCRIPTS":""},"dockerRepository":"projects/gillythekid-c6c48/locations/us-central1/repositories/gcf-artifacts","sourceProvenance":{"resolvedStorageSource":{"bucket":"gcf-v2-sources-1012835367784-us-central1","object":"ai_prompt/function-source.zip","generation":"1768752462717403"}},"dockerRegistry":"ARTIFACT_REGISTRY","serviceAccount":"projects/gillythekid-c6c48/serviceAccounts/1012835367784-compute@developer.gserviceaccount.com","automaticUpdatePolicy":{}},"serviceConfig":{"service":"projects/gillythekid-c6c48/locations/us-central1/services/ai-prompt","timeoutSeconds":60,"environmentVariables":{"FIREBASE_CONFIG":"{\"projectId\":\"gillythekid-c6c48\",\"storageBucket\":\"gillythekid-c6c48.firebasestorage.app\"}","GCLOUD_PROJECT":"gillythekid-c6c48","EVENTARC_CLOUD_EVENT_SOURCE":"projects/gillythekid-c6c48/locations/us-central1/services/ai_prompt","FUNCTION_TARGET":"ai_prompt","LOG_EXECUTION_ID":"true"},"ingressSettings":"ALLOW_ALL","uri":"https://ai-prompt-ob3ulsycpa-uc.a.run.app","serviceAccountEmail":"1012835367784-compute@developer.gserviceaccount.com","availableMemory":"256Mi","allTrafficOnLatestRevision":true,"revision":"ai-prompt-00002-muw","maxInstanceRequestConcurrency":80,"availableCpu":"1"},"state":"ACTIVE","labels":{"deployment-tool":"cli-firebase","firebase-functions-hash":"2d47fc8b3954a1b6541f544163f7db0fc0ad2b01"},"environment":"GEN_2","url":"https://us-central1-gillythekid-c6c48.cloudfunctions.net/ai_prompt","satisfiesPzi":true},"stages":[{"name":"BUILD","message":"Build in progress","state":"IN_PROGRESS","resource":"projects/1012835367784/locations/us-central1/builds/603b66bb-a0d6-4234-b5c0-815b821315a4","resourceUri":"https://console.cloud.google.com/cloud-build/builds;region=us-central1/603b66bb-a0d6-4234-b5c0-815b821315a4?project=1012835367784"},{"name":"SERVICE","state":"NOT_STARTED"}],"operationType":"UPDATE_FUNCTION","buildName":"projects/1012835367784/locations/us-central1/builds/603b66bb-a0d6-4234-b5c0-815b821315a4"},"done":false}
[debug] [2026-01-18T18:28:26.818Z] [update-default-us-central1-ai_prompt] Retrying task index 0
[debug] [2026-01-18T18:28:26.819Z] Checked if tokens are valid: true, expires at: 1768764408300
[debug] [2026-01-18T18:28:26.819Z] Checked if tokens are valid: true, expires at: 1768764408300
[debug] [2026-01-18T18:28:26.819Z] >>> [apiv2][query] GET https://cloudfunctions.googleapis.com/v2/projects/gillythekid-c6c48/locations/us-central1/operations/operation-1768760828376-648adb8de3768-6bbcca44-8b6fc069 [none]
[debug] [2026-01-18T18:28:27.075Z] <<< [apiv2][status] GET https://cloudfunctions.googleapis.com/v2/projects/gillythekid-c6c48/locations/us-central1/operations/operation-1768760828376-648adb8de3768-6bbcca44-8b6fc069 200
[debug] [2026-01-18T18:28:27.076Z] <<< [apiv2][body] GET https://cloudfunctions.googleapis.com/v2/projects/gillythekid-c6c48/locations/us-central1/operations/operation-1768760828376-648adb8de3768-6bbcca44-8b6fc069 {"name":"projects/gillythekid-c6c48/locations/us-central1/operations/operation-1768760828376-648adb8de3768-6bbcca44-8b6fc069","metadata":{"@type":"type.googleapis.com/google.cloud.functions.v2.OperationMetadata","createTime":"2026-01-18T18:27:09.195998427Z","target":"projects/gillythekid-c6c48/locations/us-central1/functions/ai_prompt","verb":"update","cancelRequested":false,"apiVersion":"v2","requestResource":{"@type":"type.googleapis.com/google.cloud.functions.v2.Function","name":"projects/gillythekid-c6c48/locations/us-central1/functions/ai_prompt","buildConfig":{"runtime":"python311","entryPoint":"ai_prompt","source":{"storageSource":{"bucket":"gcf-v2-sources-1012835367784-us-central1","object":"ai_prompt/function-source.zip","generation":"1768760829119996"}},"environmentVariables":{"GOOGLE_NODE_RUN_SCRIPTS":""},"dockerRepository":"projects/gillythekid-c6c48/locations/us-central1/repositories/gcf-artifacts","sourceProvenance":{"resolvedStorageSource":{"bucket":"gcf-v2-sources-1012835367784-us-central1","object":"ai_prompt/function-source.zip","generation":"1768752462717403"}},"dockerRegistry":"ARTIFACT_REGISTRY","serviceAccount":"projects/gillythekid-c6c48/serviceAccounts/1012835367784-compute@developer.gserviceaccount.com","automaticUpdatePolicy":{}},"serviceConfig":{"service":"projects/gillythekid-c6c48/locations/us-central1/services/ai-prompt","timeoutSeconds":60,"environmentVariables":{"FIREBASE_CONFIG":"{\"projectId\":\"gillythekid-c6c48\",\"storageBucket\":\"gillythekid-c6c48.firebasestorage.app\"}","GCLOUD_PROJECT":"gillythekid-c6c48","EVENTARC_CLOUD_EVENT_SOURCE":"projects/gillythekid-c6c48/locations/us-central1/services/ai_prompt","FUNCTION_TARGET":"ai_prompt","LOG_EXECUTION_ID":"true"},"ingressSettings":"ALLOW_ALL","uri":"https://ai-prompt-ob3ulsycpa-uc.a.run.app","serviceAccountEmail":"1012835367784-compute@developer.gserviceaccount.com","availableMemory":"256Mi","allTrafficOnLatestRevision":true,"revision":"ai-prompt-00002-muw","maxInstanceRequestConcurrency":80,"availableCpu":"1"},"state":"ACTIVE","labels":{"deployment-tool":"cli-firebase","firebase-functions-hash":"2d47fc8b3954a1b6541f544163f7db0fc0ad2b01"},"environment":"GEN_2","url":"https://us-central1-gillythekid-c6c48.cloudfunctions.net/ai_prompt","satisfiesPzi":true},"stages":[{"name":"BUILD","message":"Build finished","state":"COMPLETE","resource":"projects/1012835367784/locations/us-central1/builds/603b66bb-a0d6-4234-b5c0-815b821315a4","resourceUri":"https://console.cloud.google.com/cloud-build/builds;region=us-central1/603b66bb-a0d6-4234-b5c0-815b821315a4?project=1012835367784"},{"name":"SERVICE","message":"Updating Cloud Run service","state":"IN_PROGRESS","resource":"projects/gillythekid-c6c48/locations/us-central1/services/ai-prompt","resourceUri":"https://console.cloud.google.com/run/detail/us-central1/ai-prompt?project=gillythekid-c6c48","stateMessages":[{"severity":"INFO","type":"CloudRunServiceNewRevisionTrafficInfo","message":"A new revision will be deployed serving with 100% traffic."}]}],"sourceToken":"Clhwcm9qZWN0cy8xMDEyODM1MzY3Nzg0L2xvY2F0aW9ucy91cy1jZW50cmFsMS9idWlsZHMvNjAzYjY2YmItYTBkNi00MjM0LWI1YzAtODE1YjgyMTMxNWE0EnF1cy1jZW50cmFsMS1kb2NrZXIucGtnLmRldi9naWxseXRoZWtpZC1jNmM0OC9nY2YtYXJ0aWZhY3RzL2dpbGx5dGhla2lkLS1jNmM0OF9fdXMtLWNlbnRyYWwxX19haV9fcHJvbXB0OnZlcnNpb25fMRjo9sSNvR0iRHByb2plY3RzL2dpbGx5dGhla2lkLWM2YzQ4L2xvY2F0aW9ucy91cy1jZW50cmFsMS9mdW5jdGlvbnMvYWlfcHJvbXB0KgwIycy0ywYQsJjRowEyCXB5dGhvbjMxMTp4CiRnY3IuaW8vZ2FlLXJ1bnRpbWVzL3B5dGhvbjMxMTpzdGFibGUSUHVzLWNlbnRyYWwxLWRvY2tlci5wa2cuZGV2L3NlcnZlcmxlc3MtcnVudGltZXMvZ29vZ2xlLTIyLWZ1bGwvcnVudGltZXMvcHl0aG9uMzExQAE=","operationType":"UPDATE_FUNCTION","buildName":"projects/1012835367784/locations/us-central1/builds/603b66bb-a0d6-4234-b5c0-815b821315a4"},"done":false}
[debug] [2026-01-18T18:28:27.076Z] Got source token Clhwcm9qZWN0cy8xMDEyODM1MzY3Nzg0L2xvY2F0aW9ucy91cy1jZW50cmFsMS9idWlsZHMvNjAzYjY2YmItYTBkNi00MjM0LWI1YzAtODE1YjgyMTMxNWE0EnF1cy1jZW50cmFsMS1kb2NrZXIucGtnLmRldi9naWxseXRoZWtpZC1jNmM0OC9nY2YtYXJ0aWZhY3RzL2dpbGx5dGhla2lkLS1jNmM0OF9fdXMtLWNlbnRyYWwxX19haV9fcHJvbXB0OnZlcnNpb25fMRjo9sSNvR0iRHByb2plY3RzL2dpbGx5dGhla2lkLWM2YzQ4L2xvY2F0aW9ucy91cy1jZW50cmFsMS9mdW5jdGlvbnMvYWlfcHJvbXB0KgwIycy0ywYQsJjRowEyCXB5dGhvbjMxMTp4CiRnY3IuaW8vZ2FlLXJ1bnRpbWVzL3B5dGhvbjMxMTpzdGFibGUSUHVzLWNlbnRyYWwxLWRvY2tlci5wa2cuZGV2L3NlcnZlcmxlc3MtcnVudGltZXMvZ29vZ2xlLTIyLWZ1bGwvcnVudGltZXMvcHl0aG9uMzExQAE= for region us-central1
[debug] [2026-01-18T18:28:37.083Z] [update-default-us-central1-ai_prompt] Retrying task index 0
[debug] [2026-01-18T18:28:37.084Z] Checked if tokens are valid: true, expires at: 1768764408300
[debug] [2026-01-18T18:28:37.084Z] Checked if tokens are valid: true, expires at: 1768764408300
[debug] [2026-01-18T18:28:37.084Z] >>> [apiv2][query] GET https://cloudfunctions.googleapis.com/v2/projects/gillythekid-c6c48/locations/us-central1/operations/operation-1768760828376-648adb8de3768-6bbcca44-8b6fc069 [none]
[debug] [2026-01-18T18:28:37.362Z] <<< [apiv2][status] GET https://cloudfunctions.googleapis.com/v2/projects/gillythekid-c6c48/locations/us-central1/operations/operation-1768760828376-648adb8de3768-6bbcca44-8b6fc069 200
[debug] [2026-01-18T18:28:37.362Z] <<< [apiv2][body] GET https://cloudfunctions.googleapis.com/v2/projects/gillythekid-c6c48/locations/us-central1/operations/operation-1768760828376-648adb8de3768-6bbcca44-8b6fc069 {"name":"projects/gillythekid-c6c48/locations/us-central1/operations/operation-1768760828376-648adb8de3768-6bbcca44-8b6fc069","metadata":{"@type":"type.googleapis.com/google.cloud.functions.v2.OperationMetadata","createTime":"2026-01-18T18:27:09.195998427Z","target":"projects/gillythekid-c6c48/locations/us-central1/functions/ai_prompt","verb":"update","cancelRequested":false,"apiVersion":"v2","requestResource":{"@type":"type.googleapis.com/google.cloud.functions.v2.Function","name":"projects/gillythekid-c6c48/locations/us-central1/functions/ai_prompt","buildConfig":{"runtime":"python311","entryPoint":"ai_prompt","source":{"storageSource":{"bucket":"gcf-v2-sources-1012835367784-us-central1","object":"ai_prompt/function-source.zip","generation":"1768760829119996"}},"environmentVariables":{"GOOGLE_NODE_RUN_SCRIPTS":""},"dockerRepository":"projects/gillythekid-c6c48/locations/us-central1/repositories/gcf-artifacts","sourceProvenance":{"resolvedStorageSource":{"bucket":"gcf-v2-sources-1012835367784-us-central1","object":"ai_prompt/function-source.zip","generation":"1768752462717403"}},"dockerRegistry":"ARTIFACT_REGISTRY","serviceAccount":"projects/gillythekid-c6c48/serviceAccounts/1012835367784-compute@developer.gserviceaccount.com","automaticUpdatePolicy":{}},"serviceConfig":{"service":"projects/gillythekid-c6c48/locations/us-central1/services/ai-prompt","timeoutSeconds":60,"environmentVariables":{"FIREBASE_CONFIG":"{\"projectId\":\"gillythekid-c6c48\",\"storageBucket\":\"gillythekid-c6c48.firebasestorage.app\"}","GCLOUD_PROJECT":"gillythekid-c6c48","EVENTARC_CLOUD_EVENT_SOURCE":"projects/gillythekid-c6c48/locations/us-central1/services/ai_prompt","FUNCTION_TARGET":"ai_prompt","LOG_EXECUTION_ID":"true"},"ingressSettings":"ALLOW_ALL","uri":"https://ai-prompt-ob3ulsycpa-uc.a.run.app","serviceAccountEmail":"1012835367784-compute@developer.gserviceaccount.com","availableMemory":"256Mi","allTrafficOnLatestRevision":true,"revision":"ai-prompt-00002-muw","maxInstanceRequestConcurrency":80,"availableCpu":"1"},"state":"ACTIVE","labels":{"deployment-tool":"cli-firebase","firebase-functions-hash":"2d47fc8b3954a1b6541f544163f7db0fc0ad2b01"},"environment":"GEN_2","url":"https://us-central1-gillythekid-c6c48.cloudfunctions.net/ai_prompt","satisfiesPzi":true},"stages":[{"name":"BUILD","message":"Build finished","state":"COMPLETE","resource":"projects/1012835367784/locations/us-central1/builds/603b66bb-a0d6-4234-b5c0-815b821315a4","resourceUri":"https://console.cloud.google.com/cloud-build/builds;region=us-central1/603b66bb-a0d6-4234-b5c0-815b821315a4?project=1012835367784"},{"name":"SERVICE","message":"Updating Cloud Run service","state":"IN_PROGRESS","resource":"projects/gillythekid-c6c48/locations/us-central1/services/ai-prompt","resourceUri":"https://console.cloud.google.com/run/detail/us-central1/ai-prompt?project=gillythekid-c6c48","stateMessages":[{"severity":"INFO","type":"CloudRunServiceNewRevisionTrafficInfo","message":"A new revision will be deployed serving with 100% traffic."}]}],"sourceToken":"Clhwcm9qZWN0cy8xMDEyODM1MzY3Nzg0L2xvY2F0aW9ucy91cy1jZW50cmFsMS9idWlsZHMvNjAzYjY2YmItYTBkNi00MjM0LWI1YzAtODE1YjgyMTMxNWE0EnF1cy1jZW50cmFsMS1kb2NrZXIucGtnLmRldi9naWxseXRoZWtpZC1jNmM0OC9nY2YtYXJ0aWZhY3RzL2dpbGx5dGhla2lkLS1jNmM0OF9fdXMtLWNlbnRyYWwxX19haV9fcHJvbXB0OnZlcnNpb25fMRjo9sSNvR0iRHByb2plY3RzL2dpbGx5dGhla2lkLWM2YzQ4L2xvY2F0aW9ucy91cy1jZW50cmFsMS9mdW5jdGlvbnMvYWlfcHJvbXB0KgwIycy0ywYQsJjRowEyCXB5dGhvbjMxMTp4CiRnY3IuaW8vZ2FlLXJ1bnRpbWVzL3B5dGhvbjMxMTpzdGFibGUSUHVzLWNlbnRyYWwxLWRvY2tlci5wa2cuZGV2L3NlcnZlcmxlc3MtcnVudGltZXMvZ29vZ2xlLTIyLWZ1bGwvcnVudGltZXMvcHl0aG9uMzExQAE=","operationType":"UPDATE_FUNCTION","buildName":"projects/1012835367784/locations/us-central1/builds/603b66bb-a0d6-4234-b5c0-815b821315a4"},"done":false}
[debug] [2026-01-18T18:28:37.362Z] Got source token Clhwcm9qZWN0cy8xMDEyODM1MzY3Nzg0L2xvY2F0aW9ucy91cy1jZW50cmFsMS9idWlsZHMvNjAzYjY2YmItYTBkNi00MjM0LWI1YzAtODE1YjgyMTMxNWE0EnF1cy1jZW50cmFsMS1kb2NrZXIucGtnLmRldi9naWxseXRoZWtpZC1jNmM0OC9nY2YtYXJ0aWZhY3RzL2dpbGx5dGhla2lkLS1jNmM0OF9fdXMtLWNlbnRyYWwxX19haV9fcHJvbXB0OnZlcnNpb25fMRjo9sSNvR0iRHByb2plY3RzL2dpbGx5dGhla2lkLWM2YzQ4L2xvY2F0aW9ucy91cy1jZW50cmFsMS9mdW5jdGlvbnMvYWlfcHJvbXB0KgwIycy0ywYQsJjRowEyCXB5dGhvbjMxMTp4CiRnY3IuaW8vZ2FlLXJ1bnRpbWVzL3B5dGhvbjMxMTpzdGFibGUSUHVzLWNlbnRyYWwxLWRvY2tlci5wa2cuZGV2L3NlcnZlcmxlc3MtcnVudGltZXMvZ29vZ2xlLTIyLWZ1bGwvcnVudGltZXMvcHl0aG9uMzExQAE= for region us-central1
[debug] [2026-01-18T18:28:47.375Z] [update-default-us-central1-ai_prompt] Retrying task index 0
[debug] [2026-01-18T18:28:47.375Z] Checked if tokens are valid: true, expires at: 1768764408300
[debug] [2026-01-18T18:28:47.375Z] Checked if tokens are valid: true, expires at: 1768764408300
[debug] [2026-01-18T18:28:47.376Z] >>> [apiv2][query] GET https://cloudfunctions.googleapis.com/v2/projects/gillythekid-c6c48/locations/us-central1/operations/operation-1768760828376-648adb8de3768-6bbcca44-8b6fc069 [none]
[debug] [2026-01-18T18:28:47.626Z] <<< [apiv2][status] GET https://cloudfunctions.googleapis.com/v2/projects/gillythekid-c6c48/locations/us-central1/operations/operation-1768760828376-648adb8de3768-6bbcca44-8b6fc069 200
[debug] [2026-01-18T18:28:47.626Z] <<< [apiv2][body] GET https://cloudfunctions.googleapis.com/v2/projects/gillythekid-c6c48/locations/us-central1/operations/operation-1768760828376-648adb8de3768-6bbcca44-8b6fc069 {"name":"projects/gillythekid-c6c48/locations/us-central1/operations/operation-1768760828376-648adb8de3768-6bbcca44-8b6fc069","metadata":{"@type":"type.googleapis.com/google.cloud.functions.v2.OperationMetadata","createTime":"2026-01-18T18:27:09.195998427Z","endTime":"2026-01-18T18:28:43.166998271Z","target":"projects/gillythekid-c6c48/locations/us-central1/functions/ai_prompt","verb":"update","cancelRequested":false,"apiVersion":"v2","requestResource":{"@type":"type.googleapis.com/google.cloud.functions.v2.Function","name":"projects/gillythekid-c6c48/locations/us-central1/functions/ai_prompt","buildConfig":{"runtime":"python311","entryPoint":"ai_prompt","source":{"storageSource":{"bucket":"gcf-v2-sources-1012835367784-us-central1","object":"ai_prompt/function-source.zip","generation":"1768760829119996"}},"environmentVariables":{"GOOGLE_NODE_RUN_SCRIPTS":""},"dockerRepository":"projects/gillythekid-c6c48/locations/us-central1/repositories/gcf-artifacts","sourceProvenance":{"resolvedStorageSource":{"bucket":"gcf-v2-sources-1012835367784-us-central1","object":"ai_prompt/function-source.zip","generation":"1768752462717403"}},"dockerRegistry":"ARTIFACT_REGISTRY","serviceAccount":"projects/gillythekid-c6c48/serviceAccounts/1012835367784-compute@developer.gserviceaccount.com","automaticUpdatePolicy":{}},"serviceConfig":{"service":"projects/gillythekid-c6c48/locations/us-central1/services/ai-prompt","timeoutSeconds":60,"environmentVariables":{"FIREBASE_CONFIG":"{\"projectId\":\"gillythekid-c6c48\",\"storageBucket\":\"gillythekid-c6c48.firebasestorage.app\"}","GCLOUD_PROJECT":"gillythekid-c6c48","EVENTARC_CLOUD_EVENT_SOURCE":"projects/gillythekid-c6c48/locations/us-central1/services/ai_prompt","FUNCTION_TARGET":"ai_prompt","LOG_EXECUTION_ID":"true"},"ingressSettings":"ALLOW_ALL","uri":"https://ai-prompt-ob3ulsycpa-uc.a.run.app","serviceAccountEmail":"1012835367784-compute@developer.gserviceaccount.com","availableMemory":"256Mi","allTrafficOnLatestRevision":true,"revision":"ai-prompt-00002-muw","maxInstanceRequestConcurrency":80,"availableCpu":"1"},"state":"ACTIVE","labels":{"deployment-tool":"cli-firebase","firebase-functions-hash":"2d47fc8b3954a1b6541f544163f7db0fc0ad2b01"},"environment":"GEN_2","url":"https://us-central1-gillythekid-c6c48.cloudfunctions.net/ai_prompt","satisfiesPzi":true},"stages":[{"name":"BUILD","message":"Build finished","state":"COMPLETE","resource":"projects/1012835367784/locations/us-central1/builds/603b66bb-a0d6-4234-b5c0-815b821315a4","resourceUri":"https://console.cloud.google.com/cloud-build/builds;region=us-central1/603b66bb-a0d6-4234-b5c0-815b821315a4?project=1012835367784"},{"name":"SERVICE","message":"Updating Cloud Run service","state":"COMPLETE","resource":"projects/gillythekid-c6c48/locations/us-central1/services/ai-prompt","resourceUri":"https://console.cloud.google.com/run/detail/us-central1/ai-prompt?project=gillythekid-c6c48","stateMessages":[{"severity":"INFO","type":"CloudRunServiceNewRevisionTrafficInfo","message":"A new revision will be deployed serving with 100% traffic."}]}],"sourceToken":"Clhwcm9qZWN0cy8xMDEyODM1MzY3Nzg0L2xvY2F0aW9ucy91cy1jZW50cmFsMS9idWlsZHMvNjAzYjY2YmItYTBkNi00MjM0LWI1YzAtODE1YjgyMTMxNWE0EnF1cy1jZW50cmFsMS1kb2NrZXIucGtnLmRldi9naWxseXRoZWtpZC1jNmM0OC9nY2YtYXJ0aWZhY3RzL2dpbGx5dGhla2lkLS1jNmM0OF9fdXMtLWNlbnRyYWwxX19haV9fcHJvbXB0OnZlcnNpb25fMRjo9sSNvR0iRHByb2plY3RzL2dpbGx5dGhla2lkLWM2YzQ4L2xvY2F0aW9ucy91cy1jZW50cmFsMS9mdW5jdGlvbnMvYWlfcHJvbXB0KgwIycy0ywYQsJjRowEyCXB5dGhvbjMxMTp4CiRnY3IuaW8vZ2FlLXJ1bnRpbWVzL3B5dGhvbjMxMTpzdGFibGUSUHVzLWNlbnRyYWwxLWRvY2tlci5wa2cuZGV2L3NlcnZlcmxlc3MtcnVudGltZXMvZ29vZ2xlLTIyLWZ1bGwvcnVudGltZXMvcHl0aG9uMzExQAE=","operationType":"UPDATE_FUNCTION","buildName":"projects/1012835367784/locations/us-central1/builds/603b66bb-a0d6-4234-b5c0-815b821315a4"},"done":true,"response":{"@type":"type.googleapis.com/google.cloud.functions.v2.Function","name":"projects/gillythekid-c6c48/locations/us-central1/functions/ai_prompt","buildConfig":{"build":"projects/1012835367784/locations/us-central1/builds/603b66bb-a0d6-4234-b5c0-815b821315a4","runtime":"python311","entryPoint":"ai_prompt","source":{"storageSource":{"bucket":"gcf-v2-sources-1012835367784-us-central1","object":"ai_prompt/function-source.zip","generation":"1768760829119996"}},"environmentVariables":{"GOOGLE_NODE_RUN_SCRIPTS":""},"dockerRepository":"projects/gillythekid-c6c48/locations/us-central1/repositories/gcf-artifacts","sourceProvenance":{"resolvedStorageSource":{"bucket":"gcf-v2-sources-1012835367784-us-central1","object":"ai_prompt/function-source.zip","generation":"1768760829119996"}},"dockerRegistry":"ARTIFACT_REGISTRY","serviceAccount":"projects/gillythekid-c6c48/serviceAccounts/1012835367784-compute@developer.gserviceaccount.com","automaticUpdatePolicy":{}},"serviceConfig":{"service":"projects/gillythekid-c6c48/locations/us-central1/services/ai-prompt","timeoutSeconds":60,"environmentVariables":{"FIREBASE_CONFIG":"{\"projectId\":\"gillythekid-c6c48\",\"storageBucket\":\"gillythekid-c6c48.firebasestorage.app\"}","GCLOUD_PROJECT":"gillythekid-c6c48","EVENTARC_CLOUD_EVENT_SOURCE":"projects/gillythekid-c6c48/locations/us-central1/services/ai_prompt","FUNCTION_TARGET":"ai_prompt","LOG_EXECUTION_ID":"true"},"maxInstanceCount":20,"ingressSettings":"ALLOW_ALL","uri":"https://ai-prompt-ob3ulsycpa-uc.a.run.app","serviceAccountEmail":"1012835367784-compute@developer.gserviceaccount.com","availableMemory":"256Mi","allTrafficOnLatestRevision":true,"revision":"ai-prompt-00003-qod","maxInstanceRequestConcurrency":80,"availableCpu":"1"},"state":"ACTIVE","updateTime":"2026-01-18T18:27:09.198222540Z","labels":{"deployment-tool":"cli-firebase","firebase-functions-hash":"2d47fc8b3954a1b6541f544163f7db0fc0ad2b01"},"environment":"GEN_2","url":"https://us-central1-gillythekid-c6c48.cloudfunctions.net/ai_prompt","createTime":"2026-01-12T01:56:11.538415682Z","satisfiesPzi":true}}
[debug] [2026-01-18T18:28:47.630Z] Got source token Clhwcm9qZWN0cy8xMDEyODM1MzY3Nzg0L2xvY2F0aW9ucy91cy1jZW50cmFsMS9idWlsZHMvNjAzYjY2YmItYTBkNi00MjM0LWI1YzAtODE1YjgyMTMxNWE0EnF1cy1jZW50cmFsMS1kb2NrZXIucGtnLmRldi9naWxseXRoZWtpZC1jNmM0OC9nY2YtYXJ0aWZhY3RzL2dpbGx5dGhla2lkLS1jNmM0OF9fdXMtLWNlbnRyYWwxX19haV9fcHJvbXB0OnZlcnNpb25fMRjo9sSNvR0iRHByb2plY3RzL2dpbGx5dGhla2lkLWM2YzQ4L2xvY2F0aW9ucy91cy1jZW50cmFsMS9mdW5jdGlvbnMvYWlfcHJvbXB0KgwIycy0ywYQsJjRowEyCXB5dGhvbjMxMTp4CiRnY3IuaW8vZ2FlLXJ1bnRpbWVzL3B5dGhvbjMxMTpzdGFibGUSUHVzLWNlbnRyYWwxLWRvY2tlci5wa2cuZGV2L3NlcnZlcmxlc3MtcnVudGltZXMvZ29vZ2xlLTIyLWZ1bGwvcnVudGltZXMvcHl0aG9uMzExQAE= for region us-central1
[info] +  functions[ai_prompt(us-central1)] Successful update operation. 
[debug] [2026-01-18T18:28:47.632Z] Total Function Deployment time: 100204
[debug] [2026-01-18T18:28:47.632Z] 1 Functions Deployed
[debug] [2026-01-18T18:28:47.632Z] 0 Functions Errored
[debug] [2026-01-18T18:28:47.632Z] 0 Function Deployments Aborted
[debug] [2026-01-18T18:28:47.632Z] Average Function Deployment time: 100204
[info] Function URL (ai_prompt(us-central1)): https://ai-prompt-ob3ulsycpa-uc.a.run.app
[debug] [2026-01-18T18:28:47.633Z] Checked if tokens are valid: true, expires at: 1768764408300
[debug] [2026-01-18T18:28:47.633Z] Checked if tokens are valid: true, expires at: 1768764408300
[debug] [2026-01-18T18:28:47.633Z] >>> [apiv2][query] GET https://artifactregistry.googleapis.com/v1/projects/gillythekid-c6c48/locations/us-central1/repositories/gcf-artifacts [none]
[debug] [2026-01-18T18:28:47.943Z] <<< [apiv2][status] GET https://artifactregistry.googleapis.com/v1/projects/gillythekid-c6c48/locations/us-central1/repositories/gcf-artifacts 200
[debug] [2026-01-18T18:28:47.943Z] <<< [apiv2][body] GET https://artifactregistry.googleapis.com/v1/projects/gillythekid-c6c48/locations/us-central1/repositories/gcf-artifacts {"name":"projects/gillythekid-c6c48/locations/us-central1/repositories/gcf-artifacts","format":"DOCKER","description":"This repository is created and used by Cloud Functions for storing function docker images.","labels":{"goog-managed-by":"cloudfunctions"},"createTime":"2026-01-12T01:56:32.632161Z","updateTime":"2026-01-18T18:28:22.425112Z","mode":"STANDARD_REPOSITORY","sizeBytes":"356480647","vulnerabilityScanningConfig":{"lastEnableTime":"2026-01-12T01:56:11.705386303Z","enablementState":"SCANNING_DISABLED","enablementStateReason":"API containerscanning.googleapis.com is not enabled."},"satisfiesPzi":true,"registryUri":"us-central1-docker.pkg.dev/gillythekid-c6c48/gcf-artifacts"}
[warn] !  functions: No cleanup policy detected for repositories in us-central1. This may result in a small monthly bill as container images accumulate over time. 
[debug] [2026-01-18T19:06:19.676Z] ----------------------------------------------------------------------
[debug] [2026-01-18T19:06:19.678Z] Command:       C:\Program Files\nodejs\node.exe C:\Users\gilbe\AppData\Roaming\npm\node_modules\firebase-tools\lib\bin\firebase.js deploy --only functions
[debug] [2026-01-18T19:06:19.678Z] CLI Version:   15.3.1
[debug] [2026-01-18T19:06:19.678Z] Platform:      win32
[debug] [2026-01-18T19:06:19.678Z] Node Version:  v25.2.1
[debug] [2026-01-18T19:06:19.678Z] Time:          Sun Jan 18 2026 14:06:19 GMT-0500 (Eastern Standard Time)
[debug] [2026-01-18T19:06:19.678Z] ----------------------------------------------------------------------
[debug] 
[debug] [2026-01-18T19:06:20.735Z] > command requires scopes: ["email","openid","https://www.googleapis.com/auth/cloudplatformprojects.readonly","https://www.googleapis.com/auth/firebase","https://www.googleapis.com/auth/cloud-platform"]
[debug] [2026-01-18T19:06:20.735Z] > authorizing via signed-in user (gillythekid911@gmail.com)
[debug] [2026-01-18T19:06:20.735Z] [iam] checking project gillythekid-c6c48 for permissions ["cloudfunctions.functions.create","cloudfunctions.functions.delete","cloudfunctions.functions.get","cloudfunctions.functions.list","cloudfunctions.functions.update","cloudfunctions.operations.get","firebase.projects.get"]
[debug] [2026-01-18T19:06:20.736Z] Checked if tokens are valid: true, expires at: 1768764408300
[debug] [2026-01-18T19:06:20.736Z] Checked if tokens are valid: true, expires at: 1768764408300
[debug] [2026-01-18T19:06:20.737Z] >>> [apiv2][query] POST https://cloudresourcemanager.googleapis.com/v1/projects/gillythekid-c6c48:testIamPermissions [none]
[debug] [2026-01-18T19:06:20.737Z] >>> [apiv2][(partial)header] POST https://cloudresourcemanager.googleapis.com/v1/projects/gillythekid-c6c48:testIamPermissions x-goog-quota-user=projects/gillythekid-c6c48
[debug] [2026-01-18T19:06:20.737Z] >>> [apiv2][body] POST https://cloudresourcemanager.googleapis.com/v1/projects/gillythekid-c6c48:testIamPermissions {"permissions":["cloudfunctions.functions.create","cloudfunctions.functions.delete","cloudfunctions.functions.get","cloudfunctions.functions.list","cloudfunctions.functions.update","cloudfunctions.operations.get","firebase.projects.get"]}
[debug] [2026-01-18T19:06:20.922Z] <<< [apiv2][status] POST https://cloudresourcemanager.googleapis.com/v1/projects/gillythekid-c6c48:testIamPermissions 200
[debug] [2026-01-18T19:06:20.922Z] <<< [apiv2][body] POST https://cloudresourcemanager.googleapis.com/v1/projects/gillythekid-c6c48:testIamPermissions {"permissions":["cloudfunctions.functions.create","cloudfunctions.functions.delete","cloudfunctions.functions.get","cloudfunctions.functions.list","cloudfunctions.functions.update","cloudfunctions.operations.get","firebase.projects.get"]}
[debug] [2026-01-18T19:06:20.922Z] Checked if tokens are valid: true, expires at: 1768764408300
[debug] [2026-01-18T19:06:20.922Z] Checked if tokens are valid: true, expires at: 1768764408300
[debug] [2026-01-18T19:06:20.923Z] >>> [apiv2][query] POST https://iam.googleapis.com/v1/projects/gillythekid-c6c48/serviceAccounts/gillythekid-c6c48@appspot.gserviceaccount.com:testIamPermissions [none]
[debug] [2026-01-18T19:06:20.923Z] >>> [apiv2][body] POST https://iam.googleapis.com/v1/projects/gillythekid-c6c48/serviceAccounts/gillythekid-c6c48@appspot.gserviceaccount.com:testIamPermissions {"permissions":["iam.serviceAccounts.actAs"]}
[debug] [2026-01-18T19:06:21.067Z] <<< [apiv2][status] POST https://iam.googleapis.com/v1/projects/gillythekid-c6c48/serviceAccounts/gillythekid-c6c48@appspot.gserviceaccount.com:testIamPermissions 200
[debug] [2026-01-18T19:06:21.067Z] <<< [apiv2][body] POST https://iam.googleapis.com/v1/projects/gillythekid-c6c48/serviceAccounts/gillythekid-c6c48@appspot.gserviceaccount.com:testIamPermissions {"permissions":["iam.serviceAccounts.actAs"]}
[info] 
[info] === Deploying to 'gillythekid-c6c48'...
[info] 
[info] i  deploying functions 
[debug] [2026-01-18T19:06:21.070Z] Checked if tokens are valid: true, expires at: 1768764408300
[debug] [2026-01-18T19:06:21.070Z] Checked if tokens are valid: true, expires at: 1768764408300
[debug] [2026-01-18T19:06:21.070Z] >>> [apiv2][query] GET https://cloudresourcemanager.googleapis.com/v1/projects/gillythekid-c6c48 [none]
[debug] [2026-01-18T19:06:21.248Z] <<< [apiv2][status] GET https://cloudresourcemanager.googleapis.com/v1/projects/gillythekid-c6c48 200
[debug] [2026-01-18T19:06:21.248Z] <<< [apiv2][body] GET https://cloudresourcemanager.googleapis.com/v1/projects/gillythekid-c6c48 {"projectNumber":"1012835367784","projectId":"gillythekid-c6c48","lifecycleState":"ACTIVE","name":"gillythekid","labels":{"firebase":"enabled","firebase-core":"disabled"},"createTime":"2025-12-01T19:16:53.201769Z"}
[info] i  functions: preparing codebase default for deployment 
[info] i  functions: ensuring required API cloudfunctions.googleapis.com is enabled... 
[info] i  functions: ensuring required API cloudbuild.googleapis.com is enabled... 
[info] i  artifactregistry: ensuring required API artifactregistry.googleapis.com is enabled... 
[debug] [2026-01-18T19:06:21.250Z] Checked if tokens are valid: true, expires at: 1768764408300
[debug] [2026-01-18T19:06:21.250Z] Checked if tokens are valid: true, expires at: 1768764408300
[debug] [2026-01-18T19:06:21.250Z] >>> [apiv2][query] GET https://firebase.googleapis.com/v1beta1/projects/gillythekid-c6c48/adminSdkConfig [none]
[debug] [2026-01-18T19:06:21.564Z] <<< [apiv2][status] GET https://firebase.googleapis.com/v1beta1/projects/gillythekid-c6c48/adminSdkConfig 200
[debug] [2026-01-18T19:06:21.564Z] <<< [apiv2][body] GET https://firebase.googleapis.com/v1beta1/projects/gillythekid-c6c48/adminSdkConfig {"projectId":"gillythekid-c6c48","storageBucket":"gillythekid-c6c48.firebasestorage.app"}
[debug] [2026-01-18T19:06:21.564Z] Checked if tokens are valid: true, expires at: 1768764408300
[debug] [2026-01-18T19:06:21.564Z] Checked if tokens are valid: true, expires at: 1768764408300
[debug] [2026-01-18T19:06:21.564Z] >>> [apiv2][query] GET https://runtimeconfig.googleapis.com/v1beta1/projects/gillythekid-c6c48/configs [none]
[debug] [2026-01-18T19:06:21.942Z] <<< [apiv2][status] GET https://runtimeconfig.googleapis.com/v1beta1/projects/gillythekid-c6c48/configs 200
[debug] [2026-01-18T19:06:21.943Z] <<< [apiv2][body] GET https://runtimeconfig.googleapis.com/v1beta1/projects/gillythekid-c6c48/configs {"configs":[{"name":"projects/gillythekid-c6c48/configs/googleai"},{"name":"projects/gillythekid-c6c48/configs/gemini"}]}
[debug] [2026-01-18T19:06:21.943Z] Checked if tokens are valid: true, expires at: 1768764408300
[debug] [2026-01-18T19:06:21.943Z] Checked if tokens are valid: true, expires at: 1768764408300
[debug] [2026-01-18T19:06:21.943Z] Checked if tokens are valid: true, expires at: 1768764408300
[debug] [2026-01-18T19:06:21.943Z] Checked if tokens are valid: true, expires at: 1768764408300
[debug] [2026-01-18T19:06:21.943Z] >>> [apiv2][query] GET https://runtimeconfig.googleapis.com/v1beta1/projects/gillythekid-c6c48/configs/googleai/variables [none]
[debug] [2026-01-18T19:06:21.943Z] >>> [apiv2][query] GET https://runtimeconfig.googleapis.com/v1beta1/projects/gillythekid-c6c48/configs/gemini/variables [none]
[debug] [2026-01-18T19:06:22.128Z] <<< [apiv2][status] GET https://runtimeconfig.googleapis.com/v1beta1/projects/gillythekid-c6c48/configs/googleai/variables 200
[debug] [2026-01-18T19:06:22.128Z] <<< [apiv2][body] GET https://runtimeconfig.googleapis.com/v1beta1/projects/gillythekid-c6c48/configs/googleai/variables {"variables":[{"name":"projects/gillythekid-c6c48/configs/googleai/variables/key","updateTime":"2025-12-17T16:45:04.583315851Z"}]}
[debug] [2026-01-18T19:06:22.128Z] Checked if tokens are valid: true, expires at: 1768764408300
[debug] [2026-01-18T19:06:22.128Z] Checked if tokens are valid: true, expires at: 1768764408300
[debug] [2026-01-18T19:06:22.128Z] >>> [apiv2][query] GET https://runtimeconfig.googleapis.com/v1beta1/projects/gillythekid-c6c48/configs/googleai/variables/key [none]
[debug] [2026-01-18T19:06:22.203Z] <<< [apiv2][status] GET https://runtimeconfig.googleapis.com/v1beta1/projects/gillythekid-c6c48/configs/gemini/variables 200
[debug] [2026-01-18T19:06:22.203Z] <<< [apiv2][body] GET https://runtimeconfig.googleapis.com/v1beta1/projects/gillythekid-c6c48/configs/gemini/variables {"variables":[{"name":"projects/gillythekid-c6c48/configs/gemini/variables/key","updateTime":"2025-12-22T19:22:18.927098482Z"}]}
[debug] [2026-01-18T19:06:22.203Z] Checked if tokens are valid: true, expires at: 1768764408300
[debug] [2026-01-18T19:06:22.203Z] Checked if tokens are valid: true, expires at: 1768764408300
[debug] [2026-01-18T19:06:22.203Z] >>> [apiv2][query] GET https://runtimeconfig.googleapis.com/v1beta1/projects/gillythekid-c6c48/configs/gemini/variables/key [none]
[debug] [2026-01-18T19:06:22.315Z] <<< [apiv2][status] GET https://runtimeconfig.googleapis.com/v1beta1/projects/gillythekid-c6c48/configs/gemini/variables/key 200
[debug] [2026-01-18T19:06:22.315Z] <<< [apiv2][body] GET https://runtimeconfig.googleapis.com/v1beta1/projects/gillythekid-c6c48/configs/gemini/variables/key {"name":"projects/gillythekid-c6c48/configs/gemini/variables/key","updateTime":"2025-12-22T19:22:18.927098482Z","text":"YOUR_REAL_GEMINI_API_KEY"}
[debug] [2026-01-18T19:06:22.410Z] <<< [apiv2][status] GET https://runtimeconfig.googleapis.com/v1beta1/projects/gillythekid-c6c48/configs/googleai/variables/key 200
[debug] [2026-01-18T19:06:22.410Z] <<< [apiv2][body] GET https://runtimeconfig.googleapis.com/v1beta1/projects/gillythekid-c6c48/configs/googleai/variables/key {"name":"projects/gillythekid-c6c48/configs/googleai/variables/key","updateTime":"2025-12-17T16:45:04.583315851Z","text":"YOUR_API_KEY_HERE"}
[debug] [2026-01-18T19:06:22.411Z] Customer code is not Node
[debug] [2026-01-18T19:06:22.411Z] Validating python source
[debug] [2026-01-18T19:06:22.412Z] Building python source
[info] i  functions: Loading and analyzing source code for codebase default to determine what to deploy 
[debug] [2026-01-18T19:06:22.412Z] Could not find functions.yaml. Must use http discovery
[debug] [2026-01-18T19:06:22.418Z] Running command with virtualenv: command="C:\Users\gilbe\OneDrive\Documents\gillythekid\functions\venv\Scripts\activate.bat", args=["","&&","python.exe","-c","\"import firebase_functions; import os; print(os.path.dirname(firebase_functions.__file__))\""]
[debug] [2026-01-18T19:06:22.449Z] stderr: The system cannot find the path specified.

[debug] [2026-01-18T19:06:22.452Z] Error: spawn "C:\Users\gilbe\OneDrive\Documents\gillythekid\functions\venv\Scripts\activate.bat" ENOENT
    at notFoundError (C:\Users\gilbe\AppData\Roaming\npm\node_modules\firebase-tools\node_modules\cross-spawn\lib\enoent.js:6:26)
    at verifyENOENT (C:\Users\gilbe\AppData\Roaming\npm\node_modules\firebase-tools\node_modules\cross-spawn\lib\enoent.js:40:16)
    at cp.emit (C:\Users\gilbe\AppData\Roaming\npm\node_modules\firebase-tools\node_modules\cross-spawn\lib\enoent.js:27:25)
    at ChildProcess._handle.onexit (node:internal/child_process:293:12)
[error] 
[error] Error: An unexpected error has occurred.
[debug] [2026-01-18T19:06:49.024Z] ----------------------------------------------------------------------
[debug] [2026-01-18T19:06:49.026Z] Command:       C:\Program Files\nodejs\node.exe C:\Users\gilbe\AppData\Roaming\npm\node_modules\firebase-tools\lib\bin\firebase.js deploy --only functions --debug
[debug] [2026-01-18T19:06:49.026Z] CLI Version:   15.3.1
[debug] [2026-01-18T19:06:49.026Z] Platform:      win32
[debug] [2026-01-18T19:06:49.026Z] Node Version:  v25.2.1
[debug] [2026-01-18T19:06:49.026Z] Time:          Sun Jan 18 2026 14:06:49 GMT-0500 (Eastern Standard Time)
[debug] [2026-01-18T19:06:49.026Z] ----------------------------------------------------------------------
[debug] 
[debug] [2026-01-18T19:06:50.085Z] > command requires scopes: ["email","openid","https://www.googleapis.com/auth/cloudplatformprojects.readonly","https://www.googleapis.com/auth/firebase","https://www.googleapis.com/auth/cloud-platform"]
[debug] [2026-01-18T19:06:50.087Z] > authorizing via signed-in user (gillythekid911@gmail.com)
[debug] [2026-01-18T19:06:50.087Z] [iam] checking project gillythekid-c6c48 for permissions ["cloudfunctions.functions.create","cloudfunctions.functions.delete","cloudfunctions.functions.get","cloudfunctions.functions.list","cloudfunctions.functions.update","cloudfunctions.operations.get","firebase.projects.get"]
[debug] [2026-01-18T19:06:50.089Z] Checked if tokens are valid: true, expires at: 1768764408300
[debug] [2026-01-18T19:06:50.089Z] Checked if tokens are valid: true, expires at: 1768764408300
[debug] [2026-01-18T19:06:50.090Z] >>> [apiv2][query] POST https://cloudresourcemanager.googleapis.com/v1/projects/gillythekid-c6c48:testIamPermissions [none]
[debug] [2026-01-18T19:06:50.090Z] >>> [apiv2][(partial)header] POST https://cloudresourcemanager.googleapis.com/v1/projects/gillythekid-c6c48:testIamPermissions x-goog-quota-user=projects/gillythekid-c6c48
[debug] [2026-01-18T19:06:50.090Z] >>> [apiv2][body] POST https://cloudresourcemanager.googleapis.com/v1/projects/gillythekid-c6c48:testIamPermissions {"permissions":["cloudfunctions.functions.create","cloudfunctions.functions.delete","cloudfunctions.functions.get","cloudfunctions.functions.list","cloudfunctions.functions.update","cloudfunctions.operations.get","firebase.projects.get"]}
[debug] [2026-01-18T19:06:50.397Z] <<< [apiv2][status] POST https://cloudresourcemanager.googleapis.com/v1/projects/gillythekid-c6c48:testIamPermissions 200
[debug] [2026-01-18T19:06:50.398Z] <<< [apiv2][body] POST https://cloudresourcemanager.googleapis.com/v1/projects/gillythekid-c6c48:testIamPermissions {"permissions":["cloudfunctions.functions.create","cloudfunctions.functions.delete","cloudfunctions.functions.get","cloudfunctions.functions.list","cloudfunctions.functions.update","cloudfunctions.operations.get","firebase.projects.get"]}
[debug] [2026-01-18T19:06:50.398Z] Checked if tokens are valid: true, expires at: 1768764408300
[debug] [2026-01-18T19:06:50.398Z] Checked if tokens are valid: true, expires at: 1768764408300
[debug] [2026-01-18T19:06:50.399Z] >>> [apiv2][query] POST https://iam.googleapis.com/v1/projects/gillythekid-c6c48/serviceAccounts/gillythekid-c6c48@appspot.gserviceaccount.com:testIamPermissions [none]
[debug] [2026-01-18T19:06:50.399Z] >>> [apiv2][body] POST https://iam.googleapis.com/v1/projects/gillythekid-c6c48/serviceAccounts/gillythekid-c6c48@appspot.gserviceaccount.com:testIamPermissions {"permissions":["iam.serviceAccounts.actAs"]}
[debug] [2026-01-18T19:06:50.696Z] <<< [apiv2][status] POST https://iam.googleapis.com/v1/projects/gillythekid-c6c48/serviceAccounts/gillythekid-c6c48@appspot.gserviceaccount.com:testIamPermissions 200
[debug] [2026-01-18T19:06:50.696Z] <<< [apiv2][body] POST https://iam.googleapis.com/v1/projects/gillythekid-c6c48/serviceAccounts/gillythekid-c6c48@appspot.gserviceaccount.com:testIamPermissions {"permissions":["iam.serviceAccounts.actAs"]}
[info] 
[info] === Deploying to 'gillythekid-c6c48'...
[info] 
[info] i  deploying functions 
[debug] [2026-01-18T19:06:50.700Z] Checked if tokens are valid: true, expires at: 1768764408300
[debug] [2026-01-18T19:06:50.700Z] Checked if tokens are valid: true, expires at: 1768764408300
[debug] [2026-01-18T19:06:50.700Z] >>> [apiv2][query] GET https://cloudresourcemanager.googleapis.com/v1/projects/gillythekid-c6c48 [none]
[debug] [2026-01-18T19:06:50.867Z] <<< [apiv2][status] GET https://cloudresourcemanager.googleapis.com/v1/projects/gillythekid-c6c48 200
[debug] [2026-01-18T19:06:50.868Z] <<< [apiv2][body] GET https://cloudresourcemanager.googleapis.com/v1/projects/gillythekid-c6c48 {"projectNumber":"1012835367784","projectId":"gillythekid-c6c48","lifecycleState":"ACTIVE","name":"gillythekid","labels":{"firebase":"enabled","firebase-core":"disabled"},"createTime":"2025-12-01T19:16:53.201769Z"}
[info] i  functions: preparing codebase default for deployment 
[info] i  functions: ensuring required API cloudfunctions.googleapis.com is enabled... 
[info] i  functions: ensuring required API cloudbuild.googleapis.com is enabled... 
[info] i  artifactregistry: ensuring required API artifactregistry.googleapis.com is enabled... 
[debug] [2026-01-18T19:06:50.870Z] Checked if tokens are valid: true, expires at: 1768764408300
[debug] [2026-01-18T19:06:50.870Z] Checked if tokens are valid: true, expires at: 1768764408300
[debug] [2026-01-18T19:06:50.870Z] >>> [apiv2][query] GET https://firebase.googleapis.com/v1beta1/projects/gillythekid-c6c48/adminSdkConfig [none]
[debug] [2026-01-18T19:06:51.121Z] <<< [apiv2][status] GET https://firebase.googleapis.com/v1beta1/projects/gillythekid-c6c48/adminSdkConfig 200
[debug] [2026-01-18T19:06:51.121Z] <<< [apiv2][body] GET https://firebase.googleapis.com/v1beta1/projects/gillythekid-c6c48/adminSdkConfig {"projectId":"gillythekid-c6c48","storageBucket":"gillythekid-c6c48.firebasestorage.app"}
[debug] [2026-01-18T19:06:51.122Z] Checked if tokens are valid: true, expires at: 1768764408300
[debug] [2026-01-18T19:06:51.122Z] Checked if tokens are valid: true, expires at: 1768764408300
[debug] [2026-01-18T19:06:51.122Z] >>> [apiv2][query] GET https://runtimeconfig.googleapis.com/v1beta1/projects/gillythekid-c6c48/configs [none]
[debug] [2026-01-18T19:06:51.404Z] <<< [apiv2][status] GET https://runtimeconfig.googleapis.com/v1beta1/projects/gillythekid-c6c48/configs 200
[debug] [2026-01-18T19:06:51.405Z] <<< [apiv2][body] GET https://runtimeconfig.googleapis.com/v1beta1/projects/gillythekid-c6c48/configs {"configs":[{"name":"projects/gillythekid-c6c48/configs/googleai"},{"name":"projects/gillythekid-c6c48/configs/gemini"}]}
[debug] [2026-01-18T19:06:51.405Z] Checked if tokens are valid: true, expires at: 1768764408300
[debug] [2026-01-18T19:06:51.405Z] Checked if tokens are valid: true, expires at: 1768764408300
[debug] [2026-01-18T19:06:51.405Z] Checked if tokens are valid: true, expires at: 1768764408300
[debug] [2026-01-18T19:06:51.405Z] Checked if tokens are valid: true, expires at: 1768764408300
[debug] [2026-01-18T19:06:51.406Z] >>> [apiv2][query] GET https://runtimeconfig.googleapis.com/v1beta1/projects/gillythekid-c6c48/configs/googleai/variables [none]
[debug] [2026-01-18T19:06:51.406Z] >>> [apiv2][query] GET https://runtimeconfig.googleapis.com/v1beta1/projects/gillythekid-c6c48/configs/gemini/variables [none]
[debug] [2026-01-18T19:06:51.661Z] <<< [apiv2][status] GET https://runtimeconfig.googleapis.com/v1beta1/projects/gillythekid-c6c48/configs/googleai/variables 200
[debug] [2026-01-18T19:06:51.662Z] <<< [apiv2][body] GET https://runtimeconfig.googleapis.com/v1beta1/projects/gillythekid-c6c48/configs/googleai/variables {"variables":[{"name":"projects/gillythekid-c6c48/configs/googleai/variables/key","updateTime":"2025-12-17T16:45:04.583315851Z"}]}
[debug] [2026-01-18T19:06:51.662Z] Checked if tokens are valid: true, expires at: 1768764408300
[debug] [2026-01-18T19:06:51.663Z] Checked if tokens are valid: true, expires at: 1768764408300
[debug] [2026-01-18T19:06:51.663Z] >>> [apiv2][query] GET https://runtimeconfig.googleapis.com/v1beta1/projects/gillythekid-c6c48/configs/googleai/variables/key [none]
[debug] [2026-01-18T19:06:51.708Z] <<< [apiv2][status] GET https://runtimeconfig.googleapis.com/v1beta1/projects/gillythekid-c6c48/configs/gemini/variables 200
[debug] [2026-01-18T19:06:51.708Z] <<< [apiv2][body] GET https://runtimeconfig.googleapis.com/v1beta1/projects/gillythekid-c6c48/configs/gemini/variables {"variables":[{"name":"projects/gillythekid-c6c48/configs/gemini/variables/key","updateTime":"2025-12-22T19:22:18.927098482Z"}]}
[debug] [2026-01-18T19:06:51.709Z] Checked if tokens are valid: true, expires at: 1768764408300
[debug] [2026-01-18T19:06:51.709Z] Checked if tokens are valid: true, expires at: 1768764408300
[debug] [2026-01-18T19:06:51.709Z] >>> [apiv2][query] GET https://runtimeconfig.googleapis.com/v1beta1/projects/gillythekid-c6c48/configs/gemini/variables/key [none]
[debug] [2026-01-18T19:06:51.934Z] <<< [apiv2][status] GET https://runtimeconfig.googleapis.com/v1beta1/projects/gillythekid-c6c48/configs/gemini/variables/key 200
[debug] [2026-01-18T19:06:51.934Z] <<< [apiv2][body] GET https://runtimeconfig.googleapis.com/v1beta1/projects/gillythekid-c6c48/configs/gemini/variables/key {"name":"projects/gillythekid-c6c48/configs/gemini/variables/key","updateTime":"2025-12-22T19:22:18.927098482Z","text":"YOUR_REAL_GEMINI_API_KEY"}
[debug] [2026-01-18T19:06:51.950Z] <<< [apiv2][status] GET https://runtimeconfig.googleapis.com/v1beta1/projects/gillythekid-c6c48/configs/googleai/variables/key 200
[debug] [2026-01-18T19:06:51.950Z] <<< [apiv2][body] GET https://runtimeconfig.googleapis.com/v1beta1/projects/gillythekid-c6c48/configs/googleai/variables/key {"name":"projects/gillythekid-c6c48/configs/googleai/variables/key","updateTime":"2025-12-17T16:45:04.583315851Z","text":"YOUR_API_KEY_HERE"}
[debug] [2026-01-18T19:06:51.951Z] Customer code is not Node
[debug] [2026-01-18T19:06:51.952Z] Validating python source
[debug] [2026-01-18T19:06:51.952Z] Building python source
[info] i  functions: Loading and analyzing source code for codebase default to determine what to deploy 
[debug] [2026-01-18T19:06:51.953Z] Could not find functions.yaml. Must use http discovery
[debug] [2026-01-18T19:06:51.958Z] Running command with virtualenv: command="C:\Users\gilbe\OneDrive\Documents\gillythekid\functions\venv\Scripts\activate.bat", args=["","&&","python.exe","-c","\"import firebase_functions; import os; print(os.path.dirname(firebase_functions.__file__))\""]
[debug] [2026-01-18T19:06:51.971Z] stderr: The system cannot find the path specified.

[debug] [2026-01-18T19:06:51.974Z] Error: spawn "C:\Users\gilbe\OneDrive\Documents\gillythekid\functions\venv\Scripts\activate.bat" ENOENT
    at notFoundError (C:\Users\gilbe\AppData\Roaming\npm\node_modules\firebase-tools\node_modules\cross-spawn\lib\enoent.js:6:26)
    at verifyENOENT (C:\Users\gilbe\AppData\Roaming\npm\node_modules\firebase-tools\node_modules\cross-spawn\lib\enoent.js:40:16)
    at cp.emit (C:\Users\gilbe\AppData\Roaming\npm\node_modules\firebase-tools\node_modules\cross-spawn\lib\enoent.js:27:25)
    at ChildProcess._handle.onexit (node:internal/child_process:293:12)
[error] 
[error] Error: An unexpected error has occurred.
